grid,scope,workload,quiz_weight,final_memory_weight,update_weight,winner,pareto_set,patch_score,k2_score,k5_score,k10_score,summary_score,mem0_one_pass_score,patch_margin_over_best_alternative,k5_pareto
primary,main,Base,0.5,0.25,0.25,Patch,,69.57000533335803,,67.55721257515806,,65.03227682822569,62.08366669366822,2.0127927581999643,
primary,k_sweep,Base,0.5,0.25,0.25,k=2,k=2|k=5,69.57000533335803,69.76010428486317,67.55721257515806,66.30273794238595,,,,1
primary,k_sweep,U40,0.5,0.25,0.25,Patch,Patch|k=2|k=5|k=10,71.4750314604454,69.60034780633711,64.67756162382481,63.130795178664904,,,,1
primary,k_sweep,U60,0.5,0.25,0.25,Patch,Patch|k=2|k=5|k=10,70.67956220865656,67.96068579520545,64.22356510010214,61.72527043582102,,,,1
primary,k_sweep,U80,0.5,0.25,0.25,Patch,Patch|k=2|k=5|k=10,69.16145529909629,67.63027007267446,62.763306885717874,59.29820723000588,,,,1
primary,main,Base,0.5,0.275,0.225,Patch,,68.74395424592348,,66.77048020189743,,64.19545509330867,60.71846021973757,1.973474044026048,
primary,k_sweep,Base,0.5,0.275,0.225,k=2,k=2|k=5,68.74395424592348,68.89186795952824,66.77048020189743,65.4501253837295,,,,1
primary,k_sweep,U40,0.5,0.275,0.225,Patch,Patch|k=2|k=5|k=10,70.74066230916638,68.73771429407077,63.77497763620826,62.10641925374563,,,,1
primary,k_sweep,U60,0.5,0.275,0.225,Patch,Patch|k=2|k=5|k=10,70.00525704852728,67.038168426431,63.39672319937737,60.689486052424314,,,,1
primary,k_sweep,U80,0.5,0.275,0.225,Patch,Patch|k=2|k=5|k=10,68.51587306004816,66.74775603921933,61.97642172695695,58.25616197911456,,,,1
primary,main,Base,0.5,0.3,0.2,Patch,,67.91790315848895,,65.98374782863675,,63.358633358391636,59.35325374580691,1.934155329852203,
primary,k_sweep,Base,0.5,0.3,0.2,k=2,k=2|k=5,67.91790315848895,68.02363163419331,65.98374782863675,64.59751282507305,,,,1
primary,k_sweep,U40,0.5,0.3,0.2,Patch,Patch|k=2|k=5|k=10,70.00629315788734,67.87508078180444,62.872393648591704,61.08204332882634,,,,1
primary,k_sweep,U60,0.5,0.3,0.2,Patch,Patch|k=2|k=5|k=10,69.33095188839799,66.11565105765656,62.56988129865258,59.65370166902759,,,,1
primary,k_sweep,U80,0.5,0.3,0.2,Patch,Patch|k=2|k=5|k=10,67.87029082100001,65.86524200576419,61.18953656819601,57.21411672822325,,,,1
primary,main,Base,0.5,0.325,0.175,Patch,,67.09185207105442,,65.19701545537613,,62.521811623474605,57.98804727187625,1.8948366156782868,
primary,k_sweep,Base,0.5,0.325,0.175,k=2,k=2|k=5,67.09185207105442,67.15539530885837,65.19701545537613,63.744900266416586,,,,1
primary,k_sweep,U40,0.5,0.325,0.175,Patch,Patch|k=2|k=5|k=10,69.27192400660833,67.0124472695381,61.96980966097514,60.05766740390707,,,,1
primary,k_sweep,U60,0.5,0.325,0.175,Patch,Patch|k=2|k=5|k=10,68.65664672826871,65.19313368888213,61.74303939792782,58.61791728563089,,,,1
primary,k_sweep,U80,0.5,0.325,0.175,Patch,Patch|k=2|k=5|k=10,67.22470858195187,64.98272797230906,60.40265140943507,56.17207147733194,,,,1
primary,main,Base,0.5,0.35,0.15,Patch,,66.26580098361988,,64.41028308211547,,61.68498988855759,56.6228407979456,1.8555179015044132,
primary,k_sweep,Base,0.5,0.35,0.15,k=2,k=2|k=5,66.26580098361988,66.28715898352344,64.41028308211547,62.89228770776015,,,,1
primary,k_sweep,U40,0.5,0.35,0.15,Patch,Patch|k=2|k=5|k=10,68.53755485532929,66.14981375727176,61.067225673358585,59.033291478987785,,,,1
primary,k_sweep,U60,0.5,0.35,0.15,Patch,Patch|k=2|k=5|k=10,67.98234156813943,64.27061632010769,60.91619749720305,57.58213290223417,,,,1
primary,k_sweep,U80,0.5,0.35,0.15,Patch,Patch|k=2|k=5|k=10,66.57912634290373,64.10021393885393,59.615766250674135,55.13002622644063,,,,1
primary,main,Base,0.525,0.225,0.25,Patch,,70.12866255485183,,68.00848202191936,,65.52806690982847,63.2193782626168,2.1201805329324657,
primary,k_sweep,Base,0.525,0.225,0.25,k=2,k=2|k=5,70.12866255485183,70.36073112217639,68.00848202191936,66.80453232459489,,,,1
primary,k_sweep,U40,0.525,0.225,0.25,Patch,Patch|k=2|k=5|k=10,71.62436724084041,69.84852217215342,64.95226720310852,63.45258921552463,,,,1
primary,k_sweep,U60,0.525,0.225,0.25,Patch,Patch|k=2|k=5|k=10,70.76138251162172,68.2600213009435,64.40323835101499,62.060544939061664,,,,1
primary,k_sweep,U80,0.525,0.225,0.25,Patch,Patch|k=2|k=5|k=10,69.23450698699891,67.89574275243498,62.95087578747913,59.65466671617346,,,,1
primary,main,Base,0.525,0.25,0.225,Patch,,69.30261146741731,,67.22174964865872,,64.69124517491146,61.85417178868615,2.080861818758592,
primary,k_sweep,Base,0.525,0.25,0.225,k=2,k=2|k=5,69.30261146741731,69.49249479684144,67.22174964865872,65.95191976593843,,,,1
primary,k_sweep,U40,0.525,0.25,0.225,Patch,Patch|k=2|k=5|k=10,70.8899980895614,68.9858886598871,64.04968321549197,62.428213290605356,,,,1
primary,k_sweep,U60,0.525,0.25,0.225,Patch,Patch|k=2|k=5|k=10,70.08707735149243,67.33750393216906,63.57639645029019,61.024760555664955,,,,1
primary,k_sweep,U80,0.525,0.25,0.225,Patch,Patch|k=2|k=5|k=10,68.58892474795076,67.01322871897985,62.16399062871818,58.61262146528214,,,,1
primary,main,Base,0.525,0.275,0.2,Patch,,68.47656037998276,,66.4350172753981,,63.85442343999443,60.48896531475549,2.0415431045846617,
primary,k_sweep,Base,0.525,0.275,0.2,k=2,k=2|k=5,68.47656037998276,68.62425847150652,66.4350172753981,65.09930720728198,,,,1
primary,k_sweep,U40,0.525,0.275,0.2,Patch,Patch|k=2|k=5|k=10,70.15562893828238,68.12325514762075,63.14709922787541,61.40383736568608,,,,1
primary,k_sweep,U60,0.525,0.275,0.2,Patch,Patch|k=2|k=5|k=10,69.41277219136315,66.41498656339463,62.74955454956543,59.988976172268245,,,,1
primary,k_sweep,U80,0.525,0.275,0.2,Patch,Patch|k=2|k=5|k=10,67.94334250890262,66.13071468552472,61.37710546995726,57.57057621439085,,,,1
primary,main,Base,0.525,0.3,0.175,Patch,,67.65050929254824,,65.64828490213742,,63.01760170507739,59.12375884082484,2.0022243904108166,
primary,k_sweep,Base,0.525,0.3,0.175,k=2,k=2|k=5,67.65050929254824,67.75602214617157,65.64828490213742,64.24669464862554,,,,1
primary,k_sweep,U40,0.525,0.3,0.175,Patch,Patch|k=2|k=5|k=10,69.42125978700335,67.26062163535441,62.244515240258856,60.37946144076679,,,,1
primary,k_sweep,U60,0.525,0.3,0.175,Patch,Patch|k=2|k=5|k=10,68.73846703123387,65.49246919462018,61.92271264884065,58.95319178887152,,,,1
primary,k_sweep,U80,0.525,0.3,0.175,Patch,Patch|k=2|k=5|k=10,67.29776026985446,65.24820065206957,60.59022031119631,56.52853096349953,,,,1
primary,main,Base,0.525,0.325,0.15,Patch,,66.82445820511369,,64.86155252887679,,62.180779970160366,57.758552366894186,1.9629056762369004,
primary,k_sweep,Base,0.525,0.325,0.15,k=2,k=2|k=5,66.82445820511369,66.88778582083664,64.86155252887679,63.39408208996907,,,,1
primary,k_sweep,U40,0.525,0.325,0.15,Patch,Patch|k=2|k=5|k=10,68.68689063572432,66.39798812308807,61.34193125264229,59.35508551584751,,,,1
primary,k_sweep,U60,0.525,0.325,0.15,Patch,Patch|k=2|k=5|k=10,68.0641618711046,64.56995182584573,61.09587074811588,57.91740740547481,,,,1
primary,k_sweep,U80,0.525,0.325,0.15,Patch,Patch|k=2|k=5|k=10,66.65217803080633,64.36568661861443,59.80333515243537,55.486485712608214,,,,1
primary,main,Base,0.525,0.35,0.125,Patch,,65.99840711767915,,64.07482015561614,,61.34395823524335,56.39334589296353,1.9235869620630126,
primary,k_sweep,Base,0.525,0.35,0.125,k=2,k=2|k=5,65.99840711767915,66.0195494955017,64.07482015561614,62.541469531312636,,,,1
primary,k_sweep,U40,0.525,0.35,0.125,Patch,Patch|k=2|k=5|k=10,67.95252148444528,65.53535461082173,60.43934726502573,58.33070959092823,,,,1
primary,k_sweep,U60,0.525,0.35,0.125,Patch,Patch|k=2|k=5|k=10,67.38985671097531,63.64743445707131,60.2690288473911,56.88162302207811,,,,1
primary,k_sweep,U80,0.525,0.35,0.125,Patch,Patch|k=2|k=5|k=10,66.00659579175817,63.4831725851593,59.01644999367443,54.44444046171691,,,,1
primary,main,Base,0.55,0.2,0.25,Patch,,70.68731977634565,,68.45975146868068,,66.02385699143126,64.3550898315654,2.227568307664967,
primary,k_sweep,Base,0.55,0.2,0.25,k=2,k=2|k=5,70.68731977634565,70.96135795948958,68.45975146868068,67.30632670680382,,,,1
primary,k_sweep,U40,0.55,0.2,0.25,Patch,Patch|k=2|k=5|k=10,71.77370302123545,70.09669653796975,65.22697278239222,63.77438325238436,,,,1
primary,k_sweep,U60,0.55,0.2,0.25,Patch,Patch|k=2|k=5|k=10,70.84320281458686,68.55935680668156,64.58291160192782,62.3958194423023,,,,1
primary,k_sweep,U80,0.55,0.2,0.25,Patch,Patch|k=2|k=5|k=10,69.3075586749015,68.1612154321955,63.13844468924037,60.01112620234104,,,,1
primary,main,Base,0.55,0.225,0.225,Patch,,69.86126868891112,,67.67301909542003,,65.18703525651425,62.98988335763473,2.1882495934910935,
primary,k_sweep,Base,0.55,0.225,0.225,k=2,k=2|k=5,69.86126868891112,70.09312163415464,67.67301909542003,66.45371414814736,,,,1
primary,k_sweep,U40,0.55,0.225,0.225,Patch,Patch|k=2|k=5|k=10,71.03933386995642,69.23406302570339,64.32438879477567,62.750007327465084,,,,1
primary,k_sweep,U60,0.55,0.225,0.225,Patch,Patch|k=2|k=5|k=10,70.16889765445758,67.63683943790713,63.756069701203046,61.36003505890559,,,,1
primary,k_sweep,U80,0.55,0.225,0.225,Patch,Patch|k=2|k=5|k=10,68.66197643585333,67.27870139874035,62.35155953047943,58.96908095144973,,,,1
primary,main,Base,0.55,0.25,0.2,Patch,,69.03521760147657,,66.88628672215938,,64.35021352159721,61.62467688370409,2.1489308793171915,
primary,k_sweep,Base,0.55,0.25,0.2,k=2,k=2|k=5,69.03521760147657,69.22488530881971,66.88628672215938,65.60110158949091,,,,1
primary,k_sweep,U40,0.55,0.25,0.2,Patch,Patch|k=2|k=5|k=10,70.3049647186774,68.37142951343706,63.421804807159106,61.72563140254581,,,,1
primary,k_sweep,U60,0.55,0.25,0.2,Patch,Patch|k=2|k=5|k=10,69.4945924943283,66.71432206913268,62.92922780047826,60.32425067550887,,,,1
primary,k_sweep,U80,0.55,0.25,0.2,Patch,Patch|k=2|k=5|k=10,68.0163941968052,66.39618736528523,61.56467437171849,57.92703570055843,,,,1
primary,main,Base,0.55,0.275,0.175,Patch,,68.20916651404205,,66.09955434889874,,63.51339178668018,60.25947040977343,2.109612165143318,
primary,k_sweep,Base,0.55,0.275,0.175,k=2,k=2|k=5,68.20916651404205,68.35664898348477,66.09955434889874,64.74848903083445,,,,1
primary,k_sweep,U40,0.55,0.275,0.175,Patch,Patch|k=2|k=5|k=10,69.57059556739837,67.50879600117072,62.51922081954255,60.70125547762652,,,,1
primary,k_sweep,U60,0.55,0.275,0.175,Patch,Patch|k=2|k=5|k=10,68.82028733419901,65.79180470035824,62.10238589975349,59.28846629211216,,,,1
primary,k_sweep,U80,0.55,0.275,0.175,Patch,Patch|k=2|k=5|k=10,67.37081195775706,65.51367333183008,60.777789212957565,56.88499044966712,,,,1
primary,main,Base,0.55,0.3,0.15,Patch,,67.3831154266075,,65.3128219756381,,62.67657005176315,58.894263935842766,2.0702934509694018,
primary,k_sweep,Base,0.55,0.3,0.15,k=2,k=2|k=5,67.3831154266075,67.48841265814984,65.3128219756381,63.895876472178,,,,1
primary,k_sweep,U40,0.55,0.3,0.15,Patch,Patch|k=2|k=5|k=10,68.83622641611935,66.64616248890438,61.616636831926,59.67687955270724,,,,1
primary,k_sweep,U60,0.55,0.3,0.15,Patch,Patch|k=2|k=5|k=10,68.14598217406973,64.8692873315838,61.275543999028706,58.25268190871546,,,,1
primary,k_sweep,U80,0.55,0.3,0.15,Patch,Patch|k=2|k=5|k=10,66.72522971870892,64.63115929837494,59.99090405419662,55.842945198775794,,,,1
primary,main,Base,0.55,0.325,0.125,Patch,,66.55706433917298,,64.52608960237744,,61.83974831684613,57.52905746191212,2.0309747367955424,
primary,k_sweep,Base,0.55,0.325,0.125,k=2,k=2|k=5,66.55706433917298,66.62017633281492,64.52608960237744,63.04326391352155,,,,1
primary,k_sweep,U40,0.55,0.325,0.125,Patch,Patch|k=2|k=5|k=10,68.1018572648403,65.78352897663805,60.71405284430944,58.65250362778797,,,,1
primary,k_sweep,U60,0.55,0.325,0.125,Patch,Patch|k=2|k=5|k=10,67.47167701394045,63.94676996280938,60.44870209830393,57.216897525318736,,,,1
primary,k_sweep,U80,0.55,0.325,0.125,Patch,Patch|k=2|k=5|k=10,66.07964747966076,63.748645264919816,59.20401889543569,54.80089994788449,,,,1
primary,main,Base,0.55,0.35,0.1,Patch,,65.73101325173843,,63.73935722911679,,61.0029265819291,56.16385098798145,1.9916560226216404,
primary,k_sweep,Base,0.55,0.35,0.1,k=2,k=2|k=5,65.73101325173843,65.75194000747997,63.73935722911679,62.19065135486511,,,,1
primary,k_sweep,U40,0.55,0.35,0.1,Patch,Patch|k=2|k=5|k=10,67.3674881135613,64.92089546437171,59.811468856692876,57.62812770286869,,,,1
primary,k_sweep,U60,0.55,0.35,0.1,Patch,Patch|k=2|k=5|k=10,66.79737185381117,63.02425259403492,59.621860197579146,56.18111314192203,,,,1
primary,k_sweep,U80,0.55,0.35,0.1,Patch,Patch|k=2|k=5|k=10,65.43406524061263,62.86613123146467,58.41713373667474,53.75885469699319,,,,1
primary,main,Base,0.575,0.175,0.25,Patch,,71.24597699783946,,68.911020915442,,66.51964707303404,65.49080140051397,2.3349560823974684,
primary,k_sweep,Base,0.575,0.175,0.25,k=2,k=2|k=5,71.24597699783946,71.56198479680278,68.911020915442,67.80812108901272,,,,1
primary,k_sweep,U40,0.575,0.175,0.25,Patch,Patch|k=2|k=5|k=10,71.92303880163045,70.34487090378605,65.50167836167593,64.0961772892441,,,,1
primary,k_sweep,U60,0.575,0.175,0.25,Patch,Patch|k=2|k=5|k=10,70.92502311755202,68.85869231241963,64.76258485284065,62.73109394554293,,,,1
primary,k_sweep,U80,0.575,0.175,0.25,Patch,Patch|k=2|k=5|k=10,69.38061036280406,68.42668811195601,63.32601359100161,60.367585688508605,,,,1
primary,main,Base,0.575,0.2,0.225,Patch,,70.41992591040491,,68.12428854218133,,65.68282533811701,64.1255949265833,2.2956373682235807,
primary,k_sweep,Base,0.575,0.2,0.225,k=2,k=2|k=5,70.41992591040491,70.69374847146783,68.12428854218133,66.95550853035628,,,,1
primary,k_sweep,U40,0.575,0.2,0.225,Patch,Patch|k=2|k=5|k=10,71.18866965035143,69.48223739151972,64.59909437405938,63.07180136432481,,,,1
primary,k_sweep,U60,0.575,0.2,0.225,Patch,Patch|k=2|k=5|k=10,70.25071795742271,67.93617494364518,63.93574295211587,61.695309562146214,,,,1
primary,k_sweep,U80,0.575,0.2,0.225,Patch,Patch|k=2|k=5|k=10,68.73502812375594,67.54417407850087,62.53912843224068,59.32554043761731,,,,1
primary,main,Base,0.575,0.225,0.2,Patch,,69.59387482297038,,67.3375561689207,,64.84600360319999,62.760388452652656,2.2563186540496787,
primary,k_sweep,Base,0.575,0.225,0.2,k=2,k=2|k=5,69.59387482297038,69.8255121461329,67.3375561689207,66.10289597169982,,,,1
primary,k_sweep,U40,0.575,0.225,0.2,Patch,Patch|k=2|k=5|k=10,70.4543004990724,68.61960387925338,63.69651038644281,62.04742543940552,,,,1
primary,k_sweep,U60,0.575,0.225,0.2,Patch,Patch|k=2|k=5|k=10,69.57641279729343,67.01365757487075,63.10890105139111,60.659525178749504,,,,1
primary,k_sweep,U80,0.575,0.225,0.2,Patch,Patch|k=2|k=5|k=10,68.0894458847078,66.66166004504572,61.752243273479735,58.28349518672601,,,,1
primary,main,Base,0.575,0.25,0.175,Patch,,68.76782373553584,,66.55082379566005,,64.00918186828295,61.395181978722,2.216999939875791,
primary,k_sweep,Base,0.575,0.25,0.175,k=2,k=2|k=5,68.76782373553584,68.95727582079796,66.55082379566005,65.25028341304338,,,,1
primary,k_sweep,U40,0.575,0.25,0.175,Patch,Patch|k=2|k=5|k=10,69.71993134779338,67.75697036698703,62.79392639882625,61.02304951448625,,,,1
primary,k_sweep,U60,0.575,0.25,0.175,Patch,Patch|k=2|k=5|k=10,68.90210763716415,66.0911402060963,62.28205915066632,59.623740795352795,,,,1
primary,k_sweep,U80,0.575,0.25,0.175,Patch,Patch|k=2|k=5|k=10,67.44386364565965,65.7791460115906,60.96535811471879,57.24144993583469,,,,1
primary,main,Base,0.575,0.275,0.15,Patch,,67.9417726481013,,65.7640914223994,,63.17236013336594,60.029975504791345,2.177681225701903,
primary,k_sweep,Base,0.575,0.275,0.15,k=2,k=2|k=5,67.9417726481013,68.08903949546304,65.7640914223994,64.39767085438693,,,,1
primary,k_sweep,U40,0.575,0.275,0.15,Patch,Patch|k=2|k=5|k=10,68.98556219651435,66.89433685472069,61.8913424112097,59.99867358956697,,,,1
primary,k_sweep,U60,0.575,0.275,0.15,Patch,Patch|k=2|k=5|k=10,68.22780247703488,65.16862283732185,61.45521724994154,58.58795641195609,,,,1
primary,k_sweep,U80,0.575,0.275,0.15,Patch,Patch|k=2|k=5|k=10,66.7982814066115,64.89663197813546,60.17847295595786,56.19940468494338,,,,1
primary,main,Base,0.575,0.3,0.125,Patch,,67.11572156066678,,64.97735904913874,,62.33553839844891,58.664769030860676,2.138362511528044,
primary,k_sweep,Base,0.575,0.3,0.125,k=2,k=2|k=5,67.11572156066678,67.22080317012808,64.97735904913874,63.545058295730485,,,,1
primary,k_sweep,U40,0.575,0.3,0.125,Patch,Patch|k=2|k=5|k=10,68.25119304523533,66.03170334245435,60.98875842359314,58.974297664647686,,,,1
primary,k_sweep,U60,0.575,0.3,0.125,Patch,Patch|k=2|k=5|k=10,67.55349731690559,64.24610546854741,60.628375349216775,57.55217202855939,,,,1
primary,k_sweep,U80,0.575,0.3,0.125,Patch,Patch|k=2|k=5|k=10,66.15269916756334,64.01411794468032,59.39158779719691,55.15735943405207,,,,1
primary,main,Base,0.575,0.325,0.1,Patch,,66.28967047323225,,64.19062667587811,,61.49871666353189,57.29956255693003,2.099043797354142,
primary,k_sweep,Base,0.575,0.325,0.1,k=2,k=2|k=5,66.28967047323225,66.35256684479317,64.19062667587811,62.69244573707403,,,,1
primary,k_sweep,U40,0.575,0.325,0.1,Patch,Patch|k=2|k=5|k=10,67.5168238939563,65.16906983018801,60.08617443597658,57.94992173972841,,,,1
primary,k_sweep,U60,0.575,0.325,0.1,Patch,Patch|k=2|k=5|k=10,66.87919215677631,63.323588099772984,59.801533448491995,56.516387645162666,,,,1
primary,k_sweep,U80,0.575,0.325,0.1,Patch,Patch|k=2|k=5|k=10,65.5071169285152,63.13160391122518,58.60470263843598,54.11531418316076,,,,1
primary,main,Base,0.6,0.15,0.25,Patch,,71.80463421933325,,69.3622903622033,,67.01543715463683,66.62651296946255,2.4423438571299556,
primary,k_sweep,Base,0.6,0.15,0.25,k=2,k=2|k=5,71.80463421933325,72.16261163411595,69.3622903622033,68.30991547122166,,,,1
primary,k_sweep,U40,0.6,0.15,0.25,Patch,Patch|k=2|k=5|k=10,72.07237458202549,70.59304526960237,65.77638394095963,64.41797132610381,,,,1
primary,k_sweep,U60,0.6,0.15,0.25,Patch,Patch|k=2|k=5|k=10,71.00684342051716,69.15802781815769,64.94225810375349,63.06636844878357,,,,1
primary,k_sweep,U80,0.6,0.15,0.25,Patch,Patch|k=2|k=5|k=10,69.45366205070667,68.6921607917165,63.51358249276285,60.7240451746762,,,,1
primary,main,Base,0.6,0.175,0.225,Patch,,70.97858313189873,,68.57555798894263,,66.17861541971979,65.26130649553188,2.4030251429560963,
primary,k_sweep,Base,0.6,0.175,0.225,k=2,k=2|k=5,70.97858313189873,71.29437530878103,68.57555798894263,67.4573029125652,,,,1
primary,k_sweep,U40,0.6,0.175,0.225,Patch,Patch|k=2|k=5|k=10,71.33800543074646,69.73041175733603,64.87379995334307,63.39359540118454,,,,1
primary,k_sweep,U60,0.6,0.175,0.225,Patch,Patch|k=2|k=5|k=10,70.33253826038786,68.23551044938324,64.11541620302872,62.030584065386854,,,,1
primary,k_sweep,U80,0.6,0.175,0.225,Patch,Patch|k=2|k=5|k=10,68.80807981165852,67.80964675826138,62.726697334001905,59.68199992378489,,,,1
primary,main,Base,0.6,0.2,0.2,Patch,,70.1525320444642,,67.788825615682,,65.34179368480278,63.896100021601235,2.3637064287821943,
primary,k_sweep,Base,0.6,0.2,0.2,k=2,k=2|k=5,70.1525320444642,70.4261389834461,67.788825615682,66.60469035390877,,,,1
primary,k_sweep,U40,0.6,0.2,0.2,Patch,Patch|k=2|k=5|k=10,70.60363627946744,68.86777824506969,63.971215965726515,62.36921947626525,,,,1
primary,k_sweep,U60,0.6,0.2,0.2,Patch,Patch|k=2|k=5|k=10,69.65823310025858,67.3129930806088,63.288574302303935,60.994799681990145,,,,1
primary,k_sweep,U80,0.6,0.2,0.2,Patch,Patch|k=2|k=5|k=10,68.16249757261038,66.92713272480624,61.939812175240974,58.63995467289357,,,,1
primary,main,Base,0.6,0.225,0.175,Patch,,69.32648095702966,,67.00209324242135,,64.50497194988574,62.53089354767059,2.3243877146083065,
primary,k_sweep,Base,0.6,0.225,0.175,k=2,k=2|k=5,69.32648095702966,69.55790265811117,67.00209324242135,65.7520777952523,,,,1
primary,k_sweep,U40,0.6,0.225,0.175,Patch,Patch|k=2|k=5|k=10,69.86926712818841,68.00514473280334,63.068631978109956,61.344843551345974,,,,1
primary,k_sweep,U60,0.6,0.225,0.175,Patch,Patch|k=2|k=5|k=10,68.9839279401293,66.39047571183436,62.46173240157916,59.95901529859344,,,,1
primary,k_sweep,U80,0.6,0.225,0.175,Patch,Patch|k=2|k=5|k=10,67.51691533356222,66.0446186913511,61.15292701648003,57.59790942200228,,,,1
primary,main,Base,0.6,0.25,0.15,Patch,,68.50042986959512,,66.2153608691607,,63.668150214968726,61.16568707373994,2.2850690004344187,
primary,k_sweep,Base,0.6,0.25,0.15,k=2,k=2|k=5,68.50042986959512,68.68966633277623,66.2153608691607,64.89946523659586,,,,1
primary,k_sweep,U40,0.6,0.25,0.15,Patch,Patch|k=2|k=5|k=10,69.13489797690937,67.14251122053702,62.166047990493404,60.3204676264267,,,,1
primary,k_sweep,U60,0.6,0.25,0.15,Patch,Patch|k=2|k=5|k=10,68.30962278000003,65.46795834305992,61.634890500854375,58.92323091519672,,,,1
primary,k_sweep,U80,0.6,0.25,0.15,Patch,Patch|k=2|k=5|k=10,66.87133309451407,65.16210465789597,60.3660418577191,56.55586417111096,,,,1
primary,main,Base,0.6,0.275,0.125,Patch,,67.67437878216059,,65.42862849590006,,62.8313284800517,59.80048059980927,2.245750286260531,
primary,k_sweep,Base,0.6,0.275,0.125,k=2,k=2|k=5,67.67437878216059,67.8214300074413,65.42862849590006,64.04685267793941,,,,1
primary,k_sweep,U40,0.6,0.275,0.125,Patch,Patch|k=2|k=5|k=10,68.40052882563036,66.27987770827066,61.263464002876844,59.296091701507414,,,,1
primary,k_sweep,U60,0.6,0.275,0.125,Patch,Patch|k=2|k=5|k=10,67.63531761987073,64.54544097428548,60.8080486001296,57.887446531800016,,,,1
primary,k_sweep,U80,0.6,0.275,0.125,Patch,Patch|k=2|k=5|k=10,66.22575085546595,64.27959062444083,59.57915669895815,55.51381892021965,,,,1
primary,main,Base,0.6,0.3,0.1,Patch,,66.84832769472605,,64.64189612263941,,61.994506745134665,58.435274125878614,2.206431572086643,
primary,k_sweep,Base,0.6,0.3,0.1,k=2,k=2|k=5,66.84832769472605,66.95319368210636,64.64189612263941,63.19424011928296,,,,1
primary,k_sweep,U40,0.6,0.3,0.1,Patch,Patch|k=2|k=5|k=10,67.66615967435133,65.41724419600433,60.360880015260285,58.27171577658814,,,,1
primary,k_sweep,U60,0.6,0.3,0.1,Patch,Patch|k=2|k=5|k=10,66.96101245974145,63.62292360551104,59.98120669940482,56.8516621484033,,,,1
primary,k_sweep,U80,0.6,0.3,0.1,Patch,Patch|k=2|k=5|k=10,65.5801686164178,63.3970765909857,58.79227154019721,54.47177366932834,,,,1
primary,main,Base,0.625,0.15,0.225,Patch,,71.53724035339253,,69.02682743570396,,66.67440550132258,66.39701806448046,2.5104129176885692,
primary,k_sweep,Base,0.625,0.15,0.225,k=2,k=2|k=5,71.53724035339253,71.89500214609423,69.02682743570396,67.95909729477414,,,,1
primary,k_sweep,U40,0.625,0.15,0.225,Patch,Patch|k=2|k=5|k=10,71.48734121114147,69.97858612315234,65.14850553262679,63.71538943804427,,,,1
primary,k_sweep,U60,0.625,0.15,0.225,Patch,Patch|k=2|k=5|k=10,70.41435856335302,68.5348459551213,64.29508945394156,62.365858568627495,,,,1
primary,k_sweep,U80,0.625,0.15,0.225,Patch,Patch|k=2|k=5|k=10,68.8811314995611,68.07511943802189,62.91426623576316,60.03845940995247,,,,1
primary,main,Base,0.625,0.175,0.2,Patch,,70.71118926595801,,68.2400950624433,,65.83758376640556,65.03181159054982,2.47109420351471,
primary,k_sweep,Base,0.625,0.175,0.2,k=2,k=2|k=5,70.71118926595801,71.0267658207593,68.2400950624433,67.10648473611768,,,,1
primary,k_sweep,U40,0.625,0.175,0.2,Patch,Patch|k=2|k=5|k=10,70.75297205986244,69.115952610886,64.24592154501023,62.69101351312499,,,,1
primary,k_sweep,U60,0.625,0.175,0.2,Patch,Patch|k=2|k=5|k=10,69.74005340322373,67.61232858634686,63.46824755321677,61.330074185230785,,,,1
primary,k_sweep,U80,0.625,0.175,0.2,Patch,Patch|k=2|k=5|k=10,68.23554926051297,67.19260540456676,62.12738107700221,58.996414159061175,,,,1
primary,main,Base,0.625,0.2,0.175,Patch,,69.88513817852348,,67.45336268918265,,65.00076203148853,63.666605116619166,2.431775489340822,
primary,k_sweep,Base,0.625,0.2,0.175,k=2,k=2|k=5,69.88513817852348,70.15852949542437,67.45336268918265,66.25387217746123,,,,1
primary,k_sweep,U40,0.625,0.2,0.175,Patch,Patch|k=2|k=5|k=10,70.01860290858342,68.25331909861966,63.343337557393674,61.6666375882057,,,,1
primary,k_sweep,U60,0.625,0.2,0.175,Patch,Patch|k=2|k=5|k=10,69.06574824309445,66.68981121757241,62.64140565249199,60.294289801834076,,,,1
primary,k_sweep,U80,0.625,0.2,0.175,Patch,Patch|k=2|k=5|k=10,67.58996702146482,66.31009137111162,61.34049591824129,57.95436890816986,,,,1
primary,main,Base,0.625,0.225,0.15,Patch,,69.05908709108893,,66.66663031592202,,64.16394029657151,62.30139864268852,2.392456775166906,
primary,k_sweep,Base,0.625,0.225,0.15,k=2,k=2|k=5,69.05908709108893,69.29029317008943,66.66663031592202,65.40125961880477,,,,1
primary,k_sweep,U40,0.625,0.225,0.15,Patch,Patch|k=2|k=5|k=10,69.28423375730439,67.39068558635331,62.44075356977711,60.642261663286426,,,,1
primary,k_sweep,U60,0.625,0.225,0.15,Patch,Patch|k=2|k=5|k=10,68.39144308296515,65.76729384879798,61.814563751767224,59.25850541843736,,,,1
primary,k_sweep,U80,0.625,0.225,0.15,Patch,Patch|k=2|k=5|k=10,66.94438478241666,65.42757733765649,60.553610759480335,56.91232365727854,,,,1
primary,main,Base,0.625,0.25,0.125,Patch,,68.23303600365439,,65.87989794266137,,63.327118561654466,60.93619216875786,2.353138060993018,
primary,k_sweep,Base,0.625,0.25,0.125,k=2,k=2|k=5,68.23303600365439,68.4220568447545,65.87989794266137,64.54864706014834,,,,1
primary,k_sweep,U40,0.625,0.25,0.125,Patch,Patch|k=2|k=5|k=10,68.54986460602538,66.528052074087,61.538169582160556,59.61788573836714,,,,1
primary,k_sweep,U60,0.625,0.25,0.125,Patch,Patch|k=2|k=5|k=10,67.71713792283589,64.84477648002354,60.987721851042444,58.22272103504065,,,,1
primary,k_sweep,U80,0.625,0.25,0.125,Patch,Patch|k=2|k=5|k=10,66.29880254336854,64.54506330420135,59.766725600719404,55.87027840638723,,,,1
primary,main,Base,0.625,0.275,0.1,Patch,,67.40698491621986,,65.09316556940072,,62.49029682673745,59.57098569482719,2.3138193468191304,
primary,k_sweep,Base,0.625,0.275,0.1,k=2,k=2|k=5,67.40698491621986,67.55382051941956,65.09316556940072,63.69603450149189,,,,1
primary,k_sweep,U40,0.625,0.275,0.1,Patch,Patch|k=2|k=5|k=10,67.81549545474634,65.66541856182066,60.63558559454399,58.593509813447874,,,,1
primary,k_sweep,U60,0.625,0.275,0.1,Patch,Patch|k=2|k=5|k=10,67.04283276270661,63.9222591112491,60.16087995031767,57.18693665164395,,,,1
primary,k_sweep,U80,0.625,0.275,0.1,Patch,Patch|k=2|k=5|k=10,65.65322030432039,63.662549270746204,58.97984044195846,54.82823315549593,,,,1
primary,main,Base,0.65,0.15,0.2,Patch,,71.26984648745182,,68.69136450920462,,66.33337384800835,66.1675231594984,2.578481978247197,
primary,k_sweep,Base,0.65,0.15,0.2,k=2,k=2|k=5,71.26984648745182,71.6273926580725,68.69136450920462,67.60827911832662,,,,1
primary,k_sweep,U40,0.65,0.15,0.2,Patch,Patch|k=2|k=5|k=10,70.90230784025748,69.36412697670232,64.52062712429394,63.01280754998471,,,,1
primary,k_sweep,U60,0.65,0.15,0.2,Patch,Patch|k=2|k=5|k=10,69.82187370618887,67.91166409208492,63.647920804129605,61.66534868847142,,,,1
primary,k_sweep,U80,0.65,0.15,0.2,Patch,Patch|k=2|k=5|k=10,68.30860094841556,67.45807808432727,62.31494997876346,59.35287364522875,,,,1
primary,main,Base,0.65,0.175,0.175,Patch,,70.44379540001728,,67.90463213594397,,65.49655211309131,64.80231668556776,2.5391632640733093,
primary,k_sweep,Base,0.65,0.175,0.175,k=2,k=2|k=5,70.44379540001728,70.75915633273756,67.90463213594397,66.75566655967016,,,,1
primary,k_sweep,U40,0.65,0.175,0.175,Patch,Patch|k=2|k=5|k=10,70.16793868897845,68.50149346443597,63.61804313667738,61.98843162506543,,,,1
primary,k_sweep,U60,0.65,0.175,0.175,Patch,Patch|k=2|k=5|k=10,69.14756854605959,66.98914672331047,62.82107890340484,60.629564305074716,,,,1
primary,k_sweep,U80,0.65,0.175,0.175,Patch,Patch|k=2|k=5|k=10,67.6630187093674,66.57556405087212,61.52806482000252,58.31082839433744,,,,1
primary,main,Base,0.65,0.2,0.15,Patch,,69.61774431258276,,67.11789976268332,,64.6597303781743,63.4371102116371,2.4998445498994357,
primary,k_sweep,Base,0.65,0.2,0.15,k=2,k=2|k=5,69.61774431258276,69.89092000740263,67.11789976268332,65.9030540010137,,,,1
primary,k_sweep,U40,0.65,0.2,0.15,Patch,Patch|k=2|k=5|k=10,69.43356953769943,67.63885995216964,62.71545914906082,60.964055700146154,,,,1
primary,k_sweep,U60,0.65,0.2,0.15,Patch,Patch|k=2|k=5|k=10,68.47326338593031,66.06662935453603,61.99423700268005,59.593779921678,,,,1
primary,k_sweep,U80,0.65,0.2,0.15,Patch,Patch|k=2|k=5|k=10,67.01743647031927,65.693050017417,60.74117966124158,57.268783143446136,,,,1
primary,main,Base,0.65,0.225,0.125,Patch,,68.79169322514822,,66.33116738942267,,63.82290864325726,62.07190373770644,2.460525835725548,
primary,k_sweep,Base,0.65,0.225,0.125,k=2,k=2|k=5,68.79169322514822,69.0226836820677,66.33116738942267,65.05044144235727,,,,1
primary,k_sweep,U40,0.65,0.225,0.125,Patch,Patch|k=2|k=5|k=10,68.6992003864204,66.77622643990331,61.81287516144425,59.939679775226864,,,,1
primary,k_sweep,U60,0.65,0.225,0.125,Patch,Patch|k=2|k=5|k=10,67.79895822580103,65.1441119857616,61.167395101955286,58.5579955382813,,,,1
primary,k_sweep,U80,0.65,0.225,0.125,Patch,Patch|k=2|k=5|k=10,66.37185423127112,64.81053598396186,59.95429450248064,56.226737892554816,,,,1
primary,main,Base,0.65,0.25,0.1,Patch,,67.96564213771369,,65.54443501616203,,62.98608690834024,60.70669726377579,2.42120712155166,
primary,k_sweep,Base,0.65,0.25,0.1,k=2,k=2|k=5,67.96564213771369,68.15444735673277,65.54443501616203,64.19782888370082,,,,1
primary,k_sweep,U40,0.65,0.25,0.1,Patch,Patch|k=2|k=5|k=10,67.96483123514138,65.91359292763696,60.910291173827694,58.915303850307595,,,,1
primary,k_sweep,U60,0.65,0.25,0.1,Patch,Patch|k=2|k=5|k=10,67.12465306567174,64.22159461698716,60.340553201230506,57.52221115488459,,,,1
primary,k_sweep,U80,0.65,0.25,0.1,Patch,Patch|k=2|k=5|k=10,65.72627199222298,63.92802195050672,59.167409343719704,55.184692641663524,,,,1
primary,main,Base,0.675,0.15,0.175,Patch,,71.0024526215111,,68.35590158270529,,65.9923421946941,65.93802825451634,2.6465510388058107,
primary,k_sweep,Base,0.675,0.15,0.175,k=2,k=2|k=5,71.0024526215111,71.35978317005076,68.35590158270529,67.25746094187909,,,,1
primary,k_sweep,U40,0.675,0.15,0.175,Patch,Patch|k=2|k=5|k=10,70.31727446937346,68.74966783025229,63.89274871596107,62.310225661925166,,,,1
primary,k_sweep,U60,0.675,0.15,0.175,Patch,Patch|k=2|k=5|k=10,69.22938884902474,67.28848222904854,63.000752154317674,60.964838808315356,,,,1
primary,k_sweep,U80,0.675,0.15,0.175,Patch,Patch|k=2|k=5|k=10,67.73607039727001,66.84103673063264,61.715633721763766,58.66728788050502,,,,1
primary,main,Base,0.675,0.175,0.15,Patch,,70.17640153407656,,67.56916920944464,,65.15552045977707,64.57282178058568,2.607232324631923,
primary,k_sweep,Base,0.675,0.175,0.15,k=2,k=2|k=5,70.17640153407656,70.49154684471584,67.56916920944464,66.40484838322264,,,,1
primary,k_sweep,U40,0.675,0.175,0.15,Patch,Patch|k=2|k=5|k=10,69.58290531809443,67.88703431798594,62.99016472834452,61.28584973700589,,,,1
primary,k_sweep,U60,0.675,0.175,0.15,Patch,Patch|k=2|k=5|k=10,68.55508368889546,66.3659648602741,62.17391025359289,59.92905442491864,,,,1
primary,k_sweep,U80,0.675,0.175,0.15,Patch,Patch|k=2|k=5|k=10,67.09048815822185,65.9585226971775,60.92874856300282,57.625242629613716,,,,1
primary,main,Base,0.675,0.2,0.125,Patch,,69.35035044664203,,66.782436836184,,64.31869872486004,63.207615306655036,2.567913610458021,
primary,k_sweep,Base,0.675,0.2,0.125,k=2,k=2|k=5,69.35035044664203,69.62331051938088,66.782436836184,65.5522358245662,,,,1
primary,k_sweep,U40,0.675,0.2,0.125,Patch,Patch|k=2|k=5|k=10,68.8485361668154,67.02440080571962,62.087580740727965,60.2614738120866,,,,1
primary,k_sweep,U60,0.675,0.2,0.125,Patch,Patch|k=2|k=5|k=10,67.88077852876619,65.44344749149967,61.34706835286812,58.89327004152193,,,,1
primary,k_sweep,U80,0.675,0.2,0.125,Patch,Patch|k=2|k=5|k=10,66.4449059191737,65.07600866372236,60.14186340424189,56.58319737872241,,,,1
primary,main,Base,0.675,0.225,0.1,Patch,,68.52429935920749,,65.99570446292334,,63.481876989943025,61.84240883272437,2.5285948962841474,
primary,k_sweep,Base,0.675,0.225,0.1,k=2,k=2|k=5,68.52429935920749,68.75507419404595,65.99570446292334,64.69962326590975,,,,1
primary,k_sweep,U40,0.675,0.225,0.1,Patch,Patch|k=2|k=5|k=10,68.1141670155364,66.16176729345328,61.18499675311141,59.23709788716733,,,,1
primary,k_sweep,U60,0.675,0.225,0.1,Patch,Patch|k=2|k=5|k=10,67.2064733686369,64.52093012272523,60.52022645214334,57.85748565812523,,,,1
primary,k_sweep,U80,0.675,0.225,0.1,Patch,Patch|k=2|k=5|k=10,65.79932368012557,64.19349463026722,59.35497824548094,55.541152127831104,,,,1
primary,main,Base,0.7,0.15,0.15,Patch,,70.73505875557036,,68.02043865620594,,65.65131054137986,65.70853334953426,2.7146200993644243,
primary,k_sweep,Base,0.7,0.15,0.15,k=2,k=2|k=5,70.73505875557036,71.09217368202901,68.02043865620594,66.90664276543156,,,,1
primary,k_sweep,U40,0.7,0.15,0.15,Patch,Patch|k=2|k=5|k=10,69.73224109848947,68.13520868380226,63.26487030762822,61.6076437738656,,,,1
primary,k_sweep,U60,0.7,0.15,0.15,Patch,Patch|k=2|k=5|k=10,68.63690399186059,66.66530036601216,62.35358350450573,60.26432892815927,,,,1
primary,k_sweep,U80,0.7,0.15,0.15,Patch,Patch|k=2|k=5|k=10,67.16353984612444,66.223995376938,61.11631746476406,57.9817021157813,,,,1
primary,main,Base,0.7,0.175,0.125,Patch,,69.90900766813583,,67.2337062829453,,64.81448880646283,64.34332687560361,2.6753013851905223,
primary,k_sweep,Base,0.7,0.175,0.125,k=2,k=2|k=5,69.90900766813583,70.22393735669407,67.2337062829453,66.05403020677512,,,,1
primary,k_sweep,U40,0.7,0.175,0.125,Patch,Patch|k=2|k=5|k=10,68.99787194721044,67.27257517153592,62.36228632001166,60.58326784894633,,,,1
primary,k_sweep,U60,0.7,0.175,0.125,Patch,Patch|k=2|k=5|k=10,67.96259883173131,65.74278299723771,61.526741603780955,59.22854454476256,,,,1
primary,k_sweep,U80,0.7,0.175,0.125,Patch,Patch|k=2|k=5|k=10,66.5179576070763,65.34148134348288,60.32943230600313,56.93965686488999,,,,1
primary,main,Base,0.7,0.2,0.1,Patch,,69.08295658070129,,66.44697390968464,,63.977667071545795,62.978120401672946,2.6359826710166487,
primary,k_sweep,Base,0.7,0.2,0.1,k=2,k=2|k=5,69.08295658070129,69.35570103135915,66.44697390968464,65.20141764811866,,,,1
primary,k_sweep,U40,0.7,0.2,0.1,Patch,Patch|k=2|k=5|k=10,68.26350279593142,66.40994165926958,61.4597023323951,59.55889192402705,,,,1
primary,k_sweep,U60,0.7,0.2,0.1,Patch,Patch|k=2|k=5|k=10,67.28829367160205,64.82026562846328,60.69989970305617,58.19276016136586,,,,1
primary,k_sweep,U80,0.7,0.2,0.1,Patch,Patch|k=2|k=5|k=10,65.87237536802816,64.45896731002775,59.54254714724218,55.897611613998684,,,,1
broad,main,Base,0.05,0.05,0.9,Patch,,80.99150361976734,,79.88940423823131,,77.86542046721826,77.13622677479076,1.1020993815360356,
broad,k_sweep,Base,0.05,0.05,0.9,k=2,k=2|k=5,80.99150361976734,81.52296567193393,79.88940423823131,79.43836558769294,,,,1
broad,k_sweep,U40,0.05,0.05,0.9,Patch,Patch|k=2|k=10,87.88058534658968,87.56168054056828,83.20004487474863,83.97227656309106,,,,0
broad,k_sweep,U60,0.05,0.05,0.9,Patch,Patch|k=2|k=10,86.73873091864523,86.55809828005583,82.48733600251528,82.620723345804,,,,0
broad,k_sweep,U80,0.05,0.05,0.9,k=2,k=2|k=10,84.63166313210145,85.79712670681882,79.84608078179993,79.97511300216338,,,,0
broad,main,Base,0.05,0.1,0.85,Patch,,79.33940144489826,,78.31593949171001,,76.19177699738421,74.40581382692945,1.0234619531882458,
broad,k_sweep,Base,0.05,0.1,0.85,k=2,k=2|k=5,79.33940144489826,79.78649302126405,78.31593949171001,77.73314047038004,,,,1
broad,k_sweep,U40,0.05,0.1,0.85,Patch,Patch|k=2|k=10,86.41184704403163,85.83641351603559,81.39487689951552,81.9235247132525,,,,0
broad,k_sweep,U60,0.05,0.1,0.85,Patch,Patch|k=2|k=5|k=10,85.39012059838667,84.71306354250696,80.83365220106573,80.54915457901059,,,,1
broad,k_sweep,U80,0.05,0.1,0.85,k=2,k=2|k=5|k=10,83.34049865400515,84.03209863990854,78.27231046427805,77.89102250038077,,,,1
broad,main,Base,0.05,0.15,0.8,Patch,,77.6872992700292,,76.74247474518872,,74.51813352755016,71.67540087906815,0.9448245248404845,
broad,k_sweep,Base,0.05,0.15,0.8,k=2,k=2|k=5,77.6872992700292,78.0500203705942,76.74247474518872,76.02791535306714,,,,1
broad,k_sweep,U40,0.05,0.15,0.8,Patch,Patch|k=2|k=10,84.94310874147361,84.11114649150291,79.58970892428239,79.87477286341395,,,,0
broad,k_sweep,U60,0.05,0.15,0.8,Patch,Patch|k=2|k=5|k=10,84.04151027812813,82.86802880495807,79.17996839961617,78.47758581221717,,,,1
broad,k_sweep,U80,0.05,0.15,0.8,k=2,k=2|k=5|k=10,82.04933417590887,82.26707057299826,76.69854014675617,75.80693199859816,,,,1
broad,main,Base,0.05,0.2,0.75,Patch,,76.03519709516013,,75.16900999866742,,72.8444900577161,68.94498793120682,0.866187096492709,
broad,k_sweep,Base,0.05,0.2,0.75,k=2,k=2|k=5,76.03519709516013,76.31354771992432,75.16900999866742,74.32269023575424,,,,1
broad,k_sweep,U40,0.05,0.2,0.75,Patch,Patch|k=2|k=10,83.47437043891556,82.38587946697022,77.78454094904929,77.82602101357539,,,,0
broad,k_sweep,U60,0.05,0.2,0.75,Patch,Patch|k=2|k=5|k=10,82.69289995786956,81.02299406740919,77.52628459816661,76.40601704542372,,,,1
broad,k_sweep,U80,0.05,0.2,0.75,Patch,Patch|k=2|k=5|k=10,80.75816969781256,80.50204250608799,75.12476982923428,73.72284149681553,,,,1
broad,main,Base,0.05,0.25,0.7,Patch,,74.38309492029104,,73.59554525214612,,71.17084658788205,66.21457498334551,0.7875496681449192,
broad,k_sweep,Base,0.05,0.25,0.7,k=2,k=2|k=5,74.38309492029104,74.57707506925443,73.59554525214612,72.61746511844133,,,,1
broad,k_sweep,U40,0.05,0.25,0.7,Patch,Patch|k=2|k=5|k=10,82.00563213635749,80.66061244243755,75.97937297381617,75.77726916373682,,,,1
broad,k_sweep,U60,0.05,0.25,0.7,Patch,Patch|k=2|k=5|k=10,81.344289637611,79.17795932986031,75.87260079671707,74.33444827863032,,,,1
broad,k_sweep,U80,0.05,0.25,0.7,Patch,Patch|k=2|k=5|k=10,79.46700521971628,78.73701443917771,73.55099951171242,71.63875099503292,,,,1
broad,main,Base,0.05,0.3,0.65,Patch,,72.73099274542199,,72.02208050562483,,69.497203118048,63.48416203548421,0.7089122397971579,
broad,k_sweep,Base,0.05,0.3,0.65,k=2,k=2|k=5,72.73099274542199,72.84060241858458,72.02208050562483,70.91224000112844,,,,1
broad,k_sweep,U40,0.05,0.3,0.65,Patch,Patch|k=2|k=5|k=10,80.53689383379944,78.93534541790488,74.17420499858305,73.72851731389828,,,,1
broad,k_sweep,U60,0.05,0.3,0.65,Patch,Patch|k=2|k=5|k=10,79.99567931735243,77.33292459231143,74.21891699526752,72.26287951183691,,,,1
broad,k_sweep,U80,0.05,0.3,0.65,Patch,Patch|k=2|k=5|k=10,78.17584074162,76.97198637226745,71.97722919419054,69.55466049325031,,,,1
broad,main,Base,0.05,0.35,0.6,Patch,,71.07889057055291,,70.44861575910355,,67.82355964821393,60.753749087622886,0.6302748114493681,
broad,k_sweep,Base,0.05,0.35,0.6,k=2,k=2|k=5,71.07889057055291,71.10412976791471,70.44861575910355,69.20701488381555,,,,1
broad,k_sweep,U40,0.05,0.35,0.6,Patch,Patch|k=2|k=5|k=10,79.06815553124137,77.2100783933722,72.36903702334995,71.67976546405971,,,,1
broad,k_sweep,U60,0.05,0.35,0.6,Patch,Patch|k=2|k=5|k=10,78.64706899709388,75.48788985476256,72.56523319381796,70.19131074504348,,,,1
broad,k_sweep,U80,0.05,0.35,0.6,Patch,Patch|k=2|k=5|k=10,76.88467626352372,75.20695830535716,70.40345887666867,67.47056999146768,,,,1
broad,main,Base,0.05,0.4,0.55,Patch,,69.42678839568384,,68.87515101258225,,66.1499161783799,58.02333613976159,0.5516373831015926,
broad,k_sweep,Base,0.05,0.4,0.55,Patch,Patch|k=2|k=5,69.42678839568384,69.36765711724485,68.87515101258225,67.50178976650264,,,,1
broad,k_sweep,U40,0.05,0.4,0.55,Patch,Patch|k=2|k=5|k=10,77.59941722868335,75.48481136883953,70.56386904811681,69.63101361422116,,,,1
broad,k_sweep,U60,0.05,0.4,0.55,Patch,Patch|k=2|k=5|k=10,77.29845867683532,73.64285511721367,70.91154939236841,68.11974197825006,,,,1
broad,k_sweep,U80,0.05,0.4,0.55,Patch,Patch|k=2|k=5|k=10,75.59351178542742,73.4419302384469,68.82968855914679,65.38647948968507,,,,1
broad,main,Base,0.05,0.45,0.5,Patch,,67.77468622081477,,67.30168626606095,,64.47627270854585,55.292923191900265,0.47299995475381706,
broad,k_sweep,Base,0.05,0.45,0.5,Patch,Patch|k=2|k=5,67.77468622081477,67.63118446657498,67.30168626606095,65.79656464918975,,,,1
broad,k_sweep,U40,0.05,0.45,0.5,Patch,Patch|k=2|k=5|k=10,76.1306789261253,73.75954434430685,68.75870107288371,67.5822617643826,,,,1
broad,k_sweep,U60,0.05,0.45,0.5,Patch,Patch|k=2|k=5|k=10,75.94984835657675,71.79782037966478,69.25786559091885,66.04817321145664,,,,1
broad,k_sweep,U80,0.05,0.45,0.5,Patch,Patch|k=2|k=5|k=10,74.30234730733112,71.67690217153663,67.25591824162491,63.30238898790247,,,,1
broad,main,Base,0.05,0.5,0.45,Patch,,66.12258404594571,,65.72822151953967,,62.80262923871178,52.56251024403897,0.3943625264060415,
broad,k_sweep,Base,0.05,0.5,0.45,Patch,Patch|k=2|k=5,66.12258404594571,65.8947118159051,65.72822151953967,64.09133953187684,,,,1
broad,k_sweep,U40,0.05,0.5,0.45,Patch,Patch|k=2|k=5|k=10,74.66194062356725,72.03427731977418,66.9535330976506,65.53350991454403,,,,1
broad,k_sweep,U60,0.05,0.5,0.45,Patch,Patch|k=2|k=5|k=10,74.6012380363182,69.95278564211593,67.6041817894693,63.976604444663245,,,,1
broad,k_sweep,U80,0.05,0.5,0.45,Patch,Patch|k=2|k=5|k=10,73.01118282923483,69.91187410462636,65.68214792410305,61.218298486119835,,,,1
broad,main,Base,0.05,0.55,0.4,Patch,,64.47048187107663,,64.15475677301838,,61.12898576887773,49.832097296177665,0.3157250980582518,
broad,k_sweep,Base,0.05,0.55,0.4,Patch,Patch|k=2|k=5,64.47048187107663,64.15823916523523,64.15475677301838,62.38611441456396,,,,1
broad,k_sweep,U40,0.05,0.55,0.4,Patch,Patch|k=2|k=5|k=10,73.1932023210092,70.30901029524149,65.14836512241749,63.48475806470549,,,,1
broad,k_sweep,U60,0.05,0.55,0.4,Patch,Patch|k=2|k=5|k=10,73.25262771605964,68.10775090456703,65.95049798801975,61.9050356778698,,,,1
broad,k_sweep,U80,0.05,0.55,0.4,Patch,Patch|k=2|k=5|k=10,71.72001835113855,68.14684603771609,64.10837760658116,59.13420798433723,,,,1
broad,main,Base,0.05,0.6,0.35,Patch,,62.818379696207565,,62.581292026497074,,59.45534229904368,47.10168434831633,0.23708766971049045,
broad,k_sweep,Base,0.05,0.6,0.35,Patch,Patch|k=5,62.818379696207565,62.421766514565356,62.581292026497074,60.68088929725104,,,,1
broad,k_sweep,U40,0.05,0.6,0.35,Patch,Patch|k=2|k=5|k=10,71.72446401845113,68.58374327070881,63.34319714718436,61.43600621486692,,,,1
broad,k_sweep,U60,0.05,0.6,0.35,Patch,Patch|k=2|k=5|k=10,71.90401739580106,66.26271616701814,64.29681418657017,59.83346691107638,,,,1
broad,k_sweep,U80,0.05,0.6,0.35,Patch,Patch|k=2|k=5|k=10,70.42885387304226,66.38181797080581,62.534607289059295,57.050117482554604,,,,1
broad,main,Base,0.05,0.65,0.3,Patch,,61.16627752133849,,61.00782727997578,,57.781698829209624,44.371271400455036,0.1584502413627149,
broad,k_sweep,Base,0.05,0.65,0.3,Patch,Patch|k=5,61.16627752133849,60.6852938638955,61.00782727997578,58.97566417993815,,,,1
broad,k_sweep,U40,0.05,0.65,0.3,Patch,Patch|k=2|k=5|k=10,70.25572571589309,66.85847624617615,61.538029171951244,59.38725436502836,,,,1
broad,k_sweep,U60,0.05,0.65,0.3,Patch,Patch|k=2|k=5|k=10,70.5554070755425,64.41768142946927,62.64313038512063,57.76189814428297,,,,1
broad,k_sweep,U80,0.05,0.65,0.3,Patch,Patch|k=2|k=5|k=10,69.13768939494597,64.61678990389554,60.96083697153742,54.96602698077199,,,,1
broad,main,Base,0.05,0.7,0.25,Patch,,59.51417534646942,,59.4343625334545,,56.10805535937558,41.640858452593726,0.07981281301492515,
broad,k_sweep,Base,0.05,0.7,0.25,Patch,Patch|k=5,59.51417534646942,58.94882121322562,59.4343625334545,57.27043906262525,,,,1
broad,k_sweep,U40,0.05,0.7,0.25,Patch,Patch|k=2|k=5|k=10,68.78698741333504,65.13320922164347,59.732861196718126,57.338502515189795,,,,1
broad,k_sweep,U60,0.05,0.7,0.25,Patch,Patch|k=2|k=5|k=10,69.20679675528395,62.57264669192037,60.989446583671075,55.69032937748955,,,,1
broad,k_sweep,U80,0.05,0.7,0.25,Patch,Patch|k=2|k=5|k=10,67.84652491684967,62.85176183698525,59.38706665401554,52.88193647898938,,,,1
broad,main,Base,0.05,0.75,0.2,Patch,,57.862073171600365,,57.86089778693319,,54.43441188954153,38.91044550473241,0.0011753846671780366,
broad,k_sweep,Base,0.05,0.75,0.2,Patch,Patch|k=5,57.862073171600365,57.21234856255577,57.86089778693319,55.56521394531236,,,,1
broad,k_sweep,U40,0.05,0.75,0.2,Patch,Patch|k=2|k=5|k=10,67.31824911077699,63.40794219711078,57.92769322148502,55.28975066535124,,,,1
broad,k_sweep,U60,0.05,0.75,0.2,Patch,Patch|k=2|k=5|k=10,67.85818643502539,60.727611954371504,59.33576278222153,53.618760610696135,,,,1
broad,k_sweep,U80,0.05,0.75,0.2,Patch,Patch|k=2|k=5|k=10,66.55536043875338,61.08673377007498,57.81329633649366,50.797845977206755,,,,1
broad,main,Base,0.05,0.8,0.15,Delta-v3,,56.20997099673129,,56.287433040411905,,52.76076841970747,36.1800325568711,-0.07746204368061171,
broad,k_sweep,Base,0.05,0.8,0.15,k=5,k=5,56.20997099673129,55.47587591188591,56.287433040411905,53.85998882799945,,,,1
broad,k_sweep,U40,0.05,0.8,0.15,Patch,Patch|k=2|k=5|k=10,65.84951080821894,61.682675172578115,56.12252524625191,53.24099881551269,,,,1
broad,k_sweep,U60,0.05,0.8,0.15,Patch,Patch|k=2|k=5|k=10,66.50957611476683,58.88257721682262,57.68207898077197,51.547191843902716,,,,1
broad,k_sweep,U80,0.05,0.8,0.15,Patch,Patch|k=2|k=5|k=10,65.26419596065709,59.32170570316472,56.23952601897179,48.71375547542414,,,,1
broad,main,Base,0.05,0.85,0.1,Delta-v3,,54.55786882186222,,54.71396829389061,,51.08712494987341,33.44961960900979,-0.15609947202838725,
broad,k_sweep,Base,0.05,0.85,0.1,k=5,k=5,54.55786882186222,53.73940326121602,54.71396829389061,52.15476371068655,,,,1
broad,k_sweep,U40,0.05,0.85,0.1,Patch,Patch|k=2|k=5|k=10,64.38077250566089,59.95740814804543,54.3173572710188,51.19224696567412,,,,1
broad,k_sweep,U60,0.05,0.85,0.1,Patch,Patch|k=2|k=5|k=10,65.16096579450826,57.03754247927373,56.028395179322416,49.4756230771093,,,,1
broad,k_sweep,U80,0.05,0.85,0.1,Patch,Patch|k=2|k=5|k=10,63.973031482560806,57.55667763625443,54.6657557014499,46.62966497364153,,,,1
broad,main,Base,0.05,0.9,0.05,Delta-v3,,52.90576664699315,,53.14050354736931,,49.413481480039366,30.71920666114848,-0.2347369003761628,
broad,k_sweep,Base,0.05,0.9,0.05,k=5,k=5,52.90576664699315,52.00293061054615,53.14050354736931,50.44953859337365,,,,1
broad,k_sweep,U40,0.05,0.9,0.05,Patch,Patch|k=2|k=5|k=10,62.91203420310283,58.232141123512754,52.51218929578568,49.14349511583557,,,,1
broad,k_sweep,U60,0.05,0.9,0.05,Patch,Patch|k=2|k=5|k=10,63.812355474249706,55.19250774172486,54.37471137787286,47.40405431031587,,,,1
broad,k_sweep,U80,0.05,0.9,0.05,Patch,Patch|k=2|k=5|k=10,62.681867004464515,55.791649569344166,53.091985383928034,44.54557447185891,,,,1
broad,main,Base,0.1,0.05,0.85,Patch,,80.45671588788588,,79.21847838523263,,77.18335716058978,76.6772369648266,1.2382375026532486,
broad,k_sweep,Base,0.1,0.05,0.85,k=2,k=2|k=5,80.45671588788588,80.98774669589045,79.21847838523263,78.7367292347979,,,,1
broad,k_sweep,U40,0.1,0.05,0.85,Patch,Patch|k=2|k=10,86.71051860482169,86.33276224766821,81.94428805808292,82.56711278697195,,,,0
broad,k_sweep,U60,0.1,0.05,0.85,Patch,Patch|k=2|k=10,85.55376120431697,85.31173455398307,81.19299870289139,81.21970358549186,,,,0
broad,k_sweep,U80,0.1,0.05,0.85,k=2,k=2|k=5|k=10,83.48660202981034,84.56304399942957,78.64744826780053,78.60394147271593,,,,1
broad,main,Base,0.1,0.1,0.8,Patch,,78.80461371301682,,77.64501363871135,,75.50971369075573,73.94682401696531,1.159600074305473,
broad,k_sweep,Base,0.1,0.1,0.8,k=2,k=2|k=5,78.80461371301682,79.25127404522058,77.64501363871135,77.031504117485,,,,1
broad,k_sweep,U40,0.1,0.1,0.8,Patch,Patch|k=2|k=10,85.24178030226363,84.60749522313553,80.13912008284981,80.51836093713341,,,,0
broad,k_sweep,U60,0.1,0.1,0.8,Patch,Patch|k=2|k=5|k=10,84.20515088405841,83.4666998164342,79.53931490144186,79.14813481869845,,,,1
broad,k_sweep,U80,0.1,0.1,0.8,k=2,k=2|k=5|k=10,82.19543755171405,82.79801593251929,77.07367795027865,76.51985097093332,,,,1
broad,main,Base,0.1,0.15,0.75,Patch,,77.15251153814775,,76.07154889219004,,73.83607022092166,71.216411069104,1.0809626459577117,
broad,k_sweep,Base,0.1,0.15,0.75,k=2,k=2|k=5,77.15251153814775,77.51480139455072,76.07154889219004,75.32627900017211,,,,1
broad,k_sweep,U40,0.1,0.15,0.75,Patch,Patch|k=2|k=10,83.77304199970558,82.88222819860285,78.3339521076167,78.46960908729484,,,,0
broad,k_sweep,U60,0.1,0.15,0.75,Patch,Patch|k=2|k=5|k=10,82.85654056379984,81.62166507888531,77.8856310999923,77.076566051905,,,,1
broad,k_sweep,U80,0.1,0.15,0.75,k=2,k=2|k=5|k=10,80.90427307361774,81.03298786560903,75.49990763275677,74.43576046915071,,,,1
broad,main,Base,0.1,0.2,0.7,Patch,,75.50040936327868,,74.49808414566874,,72.16242675108761,68.48599812124267,1.0023252176099362,
broad,k_sweep,Base,0.1,0.2,0.7,k=2,k=2|k=5,75.50040936327868,75.77832874388085,74.49808414566874,73.6210538828592,,,,1
broad,k_sweep,U40,0.1,0.2,0.7,Patch,Patch|k=2|k=5|k=10,82.30430369714755,81.15696117407018,76.52878413238359,76.42085723745629,,,,1
broad,k_sweep,U60,0.1,0.2,0.7,Patch,Patch|k=2|k=5|k=10,81.50793024354128,79.77663034133643,76.23194729854272,75.0049972851116,,,,1
broad,k_sweep,U80,0.1,0.2,0.7,Patch,Patch|k=2|k=5|k=10,79.61310859552145,79.26795979869873,73.9261373152349,72.3516699673681,,,,1
broad,main,Base,0.1,0.25,0.65,Patch,,73.8483071884096,,72.92461939914746,,70.48878328125356,65.75558517338138,0.9236877892621465,
broad,k_sweep,Base,0.1,0.25,0.65,k=2,k=2|k=5,73.8483071884096,74.04185609321098,72.92461939914746,71.9158287655463,,,,1
broad,k_sweep,U40,0.1,0.25,0.65,Patch,Patch|k=2|k=5|k=10,80.83556539458948,79.4316941495375,74.72361615715046,74.37210538761772,,,,1
broad,k_sweep,U60,0.1,0.25,0.65,Patch,Patch|k=2|k=5|k=10,80.15931992328274,77.93159560378756,74.57826349709318,72.93342851831818,,,,1
broad,k_sweep,U80,0.1,0.25,0.65,Patch,Patch|k=2|k=5|k=10,78.32194411742518,77.50293173178846,72.35236699771303,70.26757946558547,,,,1
broad,main,Base,0.1,0.3,0.6,Patch,,72.19620501354053,,71.35115465262616,,68.8151398114195,63.02517222552006,0.8450503609143709,
broad,k_sweep,Base,0.1,0.3,0.6,k=2,k=2|k=5,72.19620501354053,72.30538344254111,71.35115465262616,70.2106036482334,,,,1
broad,k_sweep,U40,0.1,0.3,0.6,Patch,Patch|k=2|k=5|k=10,79.36682709203143,77.70642712500484,72.91844818191736,72.32335353777917,,,,1
broad,k_sweep,U60,0.1,0.3,0.6,Patch,Patch|k=2|k=5|k=10,78.81070960302416,76.08656086623867,72.92457969564363,70.86185975152476,,,,1
broad,k_sweep,U80,0.1,0.3,0.6,Patch,Patch|k=2|k=5|k=10,77.0307796393289,75.73790366487819,70.77859668019116,68.18348896380286,,,,1
broad,main,Base,0.1,0.35,0.55,Patch,,70.54410283867146,,69.77768990610487,,67.14149634158545,60.294759277658756,0.7664129325665954,
broad,k_sweep,Base,0.1,0.35,0.55,k=2,k=2|k=5,70.54410283867146,70.56891079187123,69.77768990610487,68.50537853092051,,,,1
broad,k_sweep,U40,0.1,0.35,0.55,Patch,Patch|k=2|k=5|k=10,77.89808878947338,75.98116010047215,71.11328020668424,70.27460168794062,,,,1
broad,k_sweep,U60,0.1,0.35,0.55,Patch,Patch|k=2|k=5|k=10,77.4620992827656,74.24152612868978,71.27089589419408,68.79029098473136,,,,1
broad,k_sweep,U80,0.1,0.35,0.55,Patch,Patch|k=2|k=5|k=10,75.7396151612326,73.97287559796793,69.20482636266928,66.09939846202025,,,,1
broad,main,Base,0.1,0.4,0.5,Patch,,68.89200066380239,,68.20422515958357,,65.4678528717514,57.564346329797424,0.6877755042188198,
broad,k_sweep,Base,0.1,0.4,0.5,Patch,Patch|k=2|k=5,68.89200066380239,68.83243814120137,68.20422515958357,66.80015341360759,,,,1
broad,k_sweep,U40,0.1,0.4,0.5,Patch,Patch|k=2|k=5|k=10,76.42935048691534,74.25589307593947,69.30811223145112,68.22584983810206,,,,1
broad,k_sweep,U60,0.1,0.4,0.5,Patch,Patch|k=2|k=5|k=10,76.11348896250705,72.39649139114091,69.61721209274454,66.71872221793792,,,,1
broad,k_sweep,U80,0.1,0.4,0.5,Patch,Patch|k=2|k=5|k=10,74.4484506831363,72.20784753105765,67.63105604514739,64.01530796023762,,,,1
broad,main,Base,0.1,0.45,0.45,Patch,,67.23989848893332,,66.63076041306228,,63.79420940191735,54.833933381936134,0.6091380758710443,
broad,k_sweep,Base,0.1,0.45,0.45,Patch,Patch|k=2|k=5,67.23989848893332,67.09596549053151,66.63076041306228,65.09492829629471,,,,1
broad,k_sweep,U40,0.1,0.45,0.45,Patch,Patch|k=2|k=5|k=10,74.96061218435727,72.5306260514068,67.50294425621802,66.1770979882635,,,,1
broad,k_sweep,U60,0.1,0.45,0.45,Patch,Patch|k=2|k=5|k=10,74.76487864224849,70.55145665359204,67.96352829129496,64.6471534511445,,,,1
broad,k_sweep,U80,0.1,0.45,0.45,Patch,Patch|k=2|k=5|k=10,73.15728620504002,70.44281946414738,66.05728572762553,61.931217458455,,,,1
broad,main,Base,0.1,0.5,0.4,Patch,,65.58779631406426,,65.057295666541,,62.1205659320833,52.10352043407482,0.5305006475232688,
broad,k_sweep,Base,0.1,0.5,0.4,Patch,Patch|k=2|k=5,65.58779631406426,65.35949283986163,65.057295666541,63.38970317898181,,,,1
broad,k_sweep,U40,0.1,0.5,0.4,Patch,Patch|k=2|k=5|k=10,73.49187388179924,70.80535902687411,65.69777628098488,64.12834613842493,,,,1
broad,k_sweep,U60,0.1,0.5,0.4,Patch,Patch|k=2|k=5|k=10,73.41626832198993,68.70642191604315,66.30984448984542,62.57558468435108,,,,1
broad,k_sweep,U80,0.1,0.5,0.4,Patch,Patch|k=2|k=5|k=10,71.86612172694372,68.6777913972371,64.48351541010364,59.84712695667239,,,,1
broad,main,Base,0.1,0.55,0.35,Patch,,63.9356941391952,,63.48383092001969,,60.446922462249255,49.373107486213506,0.4518632191755074,
broad,k_sweep,Base,0.1,0.55,0.35,Patch,Patch|k=2|k=5,63.9356941391952,63.62302018919177,63.48383092001969,61.684478061668905,,,,1
broad,k_sweep,U40,0.1,0.55,0.35,Patch,Patch|k=2|k=5|k=10,72.02313557924118,69.08009200234143,63.89260830575177,62.07959428858638,,,,1
broad,k_sweep,U60,0.1,0.55,0.35,Patch,Patch|k=2|k=5|k=10,72.06765800173137,66.86138717849427,64.65616068839586,60.50401591755766,,,,1
broad,k_sweep,U80,0.1,0.55,0.35,Patch,Patch|k=2|k=5|k=10,70.57495724884744,66.91276333032683,62.90974509258177,57.763036454889765,,,,1
broad,main,Base,0.1,0.6,0.3,Patch,,62.283591964326114,,61.9103661734984,,58.77327899241519,46.642694538352195,0.37322579082771057,
broad,k_sweep,Base,0.1,0.6,0.3,Patch,Patch|k=5,62.283591964326114,61.88654753852189,61.9103661734984,59.979252944356006,,,,1
broad,k_sweep,U40,0.1,0.6,0.3,Patch,Patch|k=2|k=5|k=10,70.55439727668312,67.35482497780878,62.08744033051865,60.03084243874781,,,,1
broad,k_sweep,U60,0.1,0.6,0.3,Patch,Patch|k=2|k=5|k=10,70.71904768147279,65.01635244094538,63.002476886946305,58.43244715076423,,,,1
broad,k_sweep,U80,0.1,0.6,0.3,Patch,Patch|k=2|k=5|k=10,69.28379277075113,65.14773526341655,61.33597477505989,55.67894595310715,,,,1
broad,main,Base,0.1,0.65,0.25,Patch,,60.63148978945705,,60.336901426977114,,57.09963552258114,43.912281590490885,0.29458836247993503,
broad,k_sweep,Base,0.1,0.65,0.25,Patch,Patch|k=5,60.63148978945705,60.15007488785202,60.336901426977114,58.27402782704311,,,,1
broad,k_sweep,U40,0.1,0.65,0.25,Patch,Patch|k=2|k=5|k=10,69.08565897412507,65.62955795327609,60.28227235528555,57.982090588909266,,,,1
broad,k_sweep,U60,0.1,0.65,0.25,Patch,Patch|k=2|k=5|k=10,69.37043736121424,63.171317703396504,61.348793085496766,56.36087838397082,,,,1
broad,k_sweep,U80,0.1,0.65,0.25,Patch,Patch|k=2|k=5|k=10,67.99262829265486,63.38270719650629,59.76220445753802,53.59485545132454,,,,1
broad,main,Base,0.1,0.7,0.2,Patch,,58.97938761458797,,58.76343668045581,,55.425992052747084,41.181868642629574,0.2159509341321595,
broad,k_sweep,Base,0.1,0.7,0.2,Patch,Patch|k=5,58.97938761458797,58.413602237182154,58.76343668045581,56.5688027097302,,,,1
broad,k_sweep,U40,0.1,0.7,0.2,Patch,Patch|k=2|k=5|k=10,67.61692067156702,63.9042909287434,58.477104380052424,55.9333387390707,,,,1
broad,k_sweep,U60,0.1,0.7,0.2,Patch,Patch|k=2|k=5|k=10,68.02182704095567,61.32628296584762,59.6951092840472,54.2893096171774,,,,1
broad,k_sweep,U80,0.1,0.7,0.2,Patch,Patch|k=2|k=5|k=10,66.70146381455858,61.61767912959601,58.18843414001614,51.51076494954193,,,,1
broad,main,Base,0.1,0.75,0.15,Patch,,57.327285439718906,,57.18997193393452,,53.752348582913044,38.45145569476826,0.13731350578438395,
broad,k_sweep,Base,0.1,0.75,0.15,Patch,Patch|k=5,57.327285439718906,56.67712958651229,57.18997193393452,54.86357759241731,,,,1
broad,k_sweep,U40,0.1,0.75,0.15,Patch,Patch|k=2|k=5|k=10,66.14818236900896,62.17902390421074,56.67193640481931,53.88458688923214,,,,1
broad,k_sweep,U60,0.1,0.75,0.15,Patch,Patch|k=2|k=5|k=10,66.67321672069713,59.48124822829874,58.041425482597646,52.21774085038398,,,,1
broad,k_sweep,U80,0.1,0.75,0.15,Patch,Patch|k=2|k=5|k=10,65.41029933646227,59.85265106268573,56.614663822494265,49.426674447759304,,,,1
broad,main,Base,0.1,0.8,0.1,Patch,,55.67518326484984,,55.61650718741324,,52.078705113078975,35.72104274690695,0.058676077436601304,
broad,k_sweep,Base,0.1,0.8,0.1,Patch,Patch|k=5,55.67518326484984,54.94065693584243,55.61650718741324,53.15835247510441,,,,1
broad,k_sweep,U40,0.1,0.8,0.1,Patch,Patch|k=2|k=5|k=10,64.67944406645093,60.45375687967806,54.86676842958621,51.83583503939358,,,,1
broad,k_sweep,U60,0.1,0.8,0.1,Patch,Patch|k=2|k=5|k=10,65.32460640043857,57.63621349074987,56.38774168114809,50.146172083590564,,,,1
broad,k_sweep,U80,0.1,0.8,0.1,Patch,Patch|k=2|k=5|k=10,64.119134858366,58.08762299577547,55.040893504972395,47.34258394597669,,,,1
broad,main,Base,0.1,0.85,0.05,Delta-v3,,54.02308108998077,,54.04304244089193,,50.40506164324493,32.99062979904564,-0.019961350911160025,
broad,k_sweep,Base,0.1,0.85,0.05,k=5,k=5,54.02308108998077,53.20418428517255,54.04304244089193,51.45312735779151,,,,1
broad,k_sweep,U40,0.1,0.85,0.05,Patch,Patch|k=2|k=5|k=10,63.21070576389287,58.72848985514538,53.06160045435309,49.78708318955503,,,,1
broad,k_sweep,U60,0.1,0.85,0.05,Patch,Patch|k=2|k=5|k=10,63.97599608017999,55.791178753200974,54.73405787969853,48.074603316797145,,,,1
broad,k_sweep,U80,0.1,0.85,0.05,Patch,Patch|k=2|k=5|k=10,62.82797038026968,56.322594928865186,53.46712318745051,45.25849344419407,,,,1
broad,main,Base,0.15,0.05,0.8,Patch,,79.92192815600443,,78.54755253223395,,76.5012938539613,76.21824715486247,1.3743756237704758,
broad,k_sweep,Base,0.15,0.05,0.8,k=2,k=2|k=5,79.92192815600443,80.45252771984697,78.54755253223395,78.03509288190286,,,,1
broad,k_sweep,U40,0.15,0.05,0.8,Patch,Patch|k=2|k=10,85.54045186305369,85.10384395476817,80.68853124141721,81.16194901085287,,,,0
broad,k_sweep,U60,0.15,0.05,0.8,Patch,Patch|k=2|k=5|k=10,84.3687914899887,84.06537082791031,79.89866140326751,79.81868382517972,,,,1
broad,k_sweep,U80,0.15,0.05,0.8,k=2,k=2|k=5|k=10,82.34154092751923,83.32896129204032,77.44881575380113,77.2327699432685,,,,1
broad,main,Base,0.15,0.1,0.75,Patch,,78.26982598113536,,76.97408778571265,,74.82765038412724,73.48783420700116,1.2957381954227003,
broad,k_sweep,Base,0.15,0.1,0.75,k=2,k=2|k=5,78.26982598113536,78.7160550691771,76.97408778571265,76.32986776458996,,,,1
broad,k_sweep,U40,0.15,0.1,0.75,Patch,Patch|k=2|k=10,84.07171356049564,83.37857693023548,78.8833632661841,79.1131971610143,,,,0
broad,k_sweep,U60,0.15,0.1,0.75,Patch,Patch|k=2|k=5|k=10,83.02018116973015,82.22033609036143,78.24497760181796,77.7471150583863,,,,1
broad,k_sweep,U80,0.15,0.1,0.75,k=2,k=2|k=5|k=10,81.05037644942293,81.56393322513004,75.87504543627925,75.14867944148587,,,,1
broad,main,Base,0.15,0.15,0.7,Patch,,76.61772380626628,,75.40062303919136,,73.15400691429319,70.75742125913983,1.2171007670749248,
broad,k_sweep,Base,0.15,0.15,0.7,k=2,k=2|k=5,76.61772380626628,76.97958241850723,75.40062303919136,74.62464264727707,,,,1
broad,k_sweep,U40,0.15,0.15,0.7,Patch,Patch|k=2|k=5|k=10,82.60297525793756,81.6533099057028,77.07819529095097,77.06444531117573,,,,1
broad,k_sweep,U60,0.15,0.15,0.7,Patch,Patch|k=2|k=5|k=10,81.67157084947156,80.37530135281254,76.5912938003684,75.67554629159288,,,,1
broad,k_sweep,U80,0.15,0.15,0.7,k=2,k=2|k=5|k=10,79.75921197132665,79.79890515821977,74.30127511875737,73.06458893970326,,,,1
broad,main,Base,0.15,0.2,0.65,Patch,,74.96562163139724,,73.82715829267006,,71.48036344445914,68.02700831127854,1.1384633387271776,
broad,k_sweep,Base,0.15,0.2,0.65,k=2,k=2|k=5,74.96562163139724,75.24310976783737,73.82715829267006,72.91941752996416,,,,1
broad,k_sweep,U40,0.15,0.2,0.65,Patch,Patch|k=2|k=5|k=10,81.1342369553795,79.92804288117013,75.27302731571788,75.01569346133716,,,,1
broad,k_sweep,U60,0.15,0.2,0.65,Patch,Patch|k=2|k=5|k=10,80.32296052921302,78.53026661526366,74.93760999891886,73.60397752479945,,,,1
broad,k_sweep,U80,0.15,0.2,0.65,Patch,Patch|k=2|k=5|k=10,78.46804749323036,78.03387709130949,72.72750480123551,70.98049843792064,,,,1
broad,main,Base,0.15,0.25,0.6,Patch,,73.31351945652816,,72.25369354614878,,69.80671997462508,65.29659536341723,1.0598259103793737,
broad,k_sweep,Base,0.15,0.25,0.6,k=2,k=2|k=5,73.31351945652816,73.5066371171675,72.25369354614878,71.21419241265126,,,,1
broad,k_sweep,U40,0.15,0.25,0.6,Patch,Patch|k=2|k=5|k=10,79.66549865282148,78.20277585663746,73.46785934048476,72.96694161149863,,,,1
broad,k_sweep,U60,0.15,0.25,0.6,Patch,Patch|k=2|k=5|k=10,78.97435020895445,76.6852318777148,73.2839261974693,71.53240875800604,,,,1
broad,k_sweep,U80,0.15,0.25,0.6,Patch,Patch|k=2|k=5|k=10,77.17688301513407,76.26884902439922,71.15373448371362,68.89640793613802,,,,1
broad,main,Base,0.15,0.3,0.55,Patch,,71.66141728165908,,70.6802287996275,,68.13307650479102,62.56618241555592,0.9811884820315839,
broad,k_sweep,Base,0.15,0.3,0.55,k=2,k=2|k=5,71.66141728165908,71.77016446649763,70.6802287996275,69.50896729533837,,,,1
broad,k_sweep,U40,0.15,0.3,0.55,Patch,Patch|k=2|k=5|k=10,78.19676035026343,76.47750883210479,71.66269136525163,70.91818976166009,,,,1
broad,k_sweep,U60,0.15,0.3,0.55,Patch,Patch|k=2|k=5|k=10,77.62573988869589,74.84019714016591,71.63024239601975,69.46083999121264,,,,1
broad,k_sweep,U80,0.15,0.3,0.55,Patch,Patch|k=2|k=5|k=10,75.88571853703776,74.50382095748894,69.57996416619177,66.8123174343554,,,,1
broad,main,Base,0.15,0.35,0.5,Patch,,70.00931510679,,69.10676405310619,,66.45943303495697,59.835769467694604,0.9025510536838084,
broad,k_sweep,Base,0.15,0.35,0.5,k=2,k=2|k=5,70.00931510679,70.03369181582777,69.10676405310619,67.80374217802546,,,,1
broad,k_sweep,U40,0.15,0.35,0.5,Patch,Patch|k=2|k=5|k=10,76.72802204770538,74.7522418075721,69.85752339001853,68.86943791182149,,,,1
broad,k_sweep,U60,0.15,0.35,0.5,Patch,Patch|k=2|k=5|k=10,76.27712956843733,72.99516240261703,69.9765585945702,67.38927122441919,,,,1
broad,k_sweep,U80,0.15,0.35,0.5,Patch,Patch|k=2|k=5|k=10,74.59455405894148,72.73879289057867,68.00619384866988,64.72822693257278,,,,1
broad,main,Base,0.15,0.4,0.45,Patch,,68.35721293192096,,67.53329930658491,,64.78578956512293,57.1053565198333,0.8239136253360471,
broad,k_sweep,Base,0.15,0.4,0.45,Patch,Patch|k=2|k=5,68.35721293192096,68.2972191651579,67.53329930658491,66.09851706071255,,,,1
broad,k_sweep,U40,0.15,0.4,0.45,Patch,Patch|k=2|k=5|k=10,75.25928374514733,73.02697478303942,68.05235541478542,66.82068606198295,,,,1
broad,k_sweep,U60,0.15,0.4,0.45,Patch,Patch|k=2|k=5|k=10,74.92851924817877,71.15012766506815,68.32287479312065,65.31770245762578,,,,1
broad,k_sweep,U80,0.15,0.4,0.45,Patch,Patch|k=2|k=5|k=10,73.3033895808452,70.9737648236684,66.43242353114802,62.64413643079016,,,,1
broad,main,Base,0.15,0.45,0.4,Patch,,66.70511075705188,,65.9598345600636,,63.11214609528887,54.37494357197198,0.7452761969882857,
broad,k_sweep,Base,0.15,0.45,0.4,Patch,Patch|k=2|k=5,66.70511075705188,66.56074651448803,65.9598345600636,64.39329194339966,,,,1
broad,k_sweep,U40,0.15,0.45,0.4,Patch,Patch|k=2|k=5|k=10,73.79054544258928,71.30170775850674,66.24718743955229,64.7719342121444,,,,1
broad,k_sweep,U60,0.15,0.45,0.4,Patch,Patch|k=2|k=5|k=10,73.57990892792021,69.30509292751925,66.66919099167109,63.24613369083235,,,,1
broad,k_sweep,U80,0.15,0.45,0.4,Patch,Patch|k=2|k=5|k=10,72.01222510274891,69.20873675675814,64.85865321362613,60.560045929007565,,,,1
broad,main,Base,0.15,0.5,0.35,Patch,,65.05300858218281,,64.38636981354232,,61.43850262545482,51.64453062411067,0.666638768640496,
broad,k_sweep,Base,0.15,0.5,0.35,Patch,Patch|k=2|k=5,65.05300858218281,64.82427386381816,64.38636981354232,62.68806682608676,,,,1
broad,k_sweep,U40,0.15,0.5,0.35,Patch,Patch|k=2|k=5|k=10,72.3218071400312,69.57644073397408,64.44201946431919,62.723182362305835,,,,1
broad,k_sweep,U60,0.15,0.5,0.35,Patch,Patch|k=2|k=5|k=10,72.23129860766166,67.46005818997038,65.01550719022153,61.174564924038926,,,,1
broad,k_sweep,U80,0.15,0.5,0.35,Patch,Patch|k=2|k=5|k=10,70.72106062465262,67.44370868984787,63.28488289610425,58.47595542722493,,,,1
broad,main,Base,0.15,0.55,0.3,Patch,,63.400906407313734,,62.81290506702103,,59.76485915562077,48.91411767624936,0.5880013402927062,
broad,k_sweep,Base,0.15,0.55,0.3,Patch,Patch|k=2|k=5,63.400906407313734,63.08780121314829,62.81290506702103,60.982841708773854,,,,1
broad,k_sweep,U40,0.15,0.55,0.3,Patch,Patch|k=2|k=5|k=10,70.85306883747317,67.85117370944141,62.63685148908608,60.674430512467275,,,,1
broad,k_sweep,U60,0.15,0.55,0.3,Patch,Patch|k=2|k=5|k=10,70.8826882874031,65.6150234524215,63.361823388771974,59.102996157245514,,,,1
broad,k_sweep,U80,0.15,0.55,0.3,Patch,Patch|k=2|k=5|k=10,69.42989614655632,65.67868062293758,61.71111257858237,56.39186492544233,,,,1
broad,main,Base,0.15,0.6,0.25,Patch,,61.74880423244466,,61.23944032049973,,58.0912156857867,46.18370472838805,0.5093639119449307,
broad,k_sweep,Base,0.15,0.6,0.25,Patch,Patch|k=2|k=5,61.74880423244466,61.351328562478415,61.23944032049973,59.27761659146095,,,,1
broad,k_sweep,U40,0.15,0.6,0.25,Patch,Patch|k=2|k=5|k=10,69.38433053491511,66.12590668490871,60.831683513852944,58.62567866262871,,,,1
broad,k_sweep,U60,0.15,0.6,0.25,Patch,Patch|k=2|k=5|k=10,69.53407796714453,63.769988714872625,61.708139587322414,57.03142739045209,,,,1
broad,k_sweep,U80,0.15,0.6,0.25,Patch,Patch|k=2|k=5|k=10,68.13873166846004,63.9136525560273,60.137342261060496,54.307774423659716,,,,1
broad,main,Base,0.15,0.65,0.2,Patch,,60.09670205757561,,59.665975573978436,,56.41757221595267,43.45329178052674,0.43072648359717647,
broad,k_sweep,Base,0.15,0.65,0.2,Patch,Patch|k=5,60.09670205757561,59.614855911808554,59.665975573978436,57.57239147414807,,,,1
broad,k_sweep,U40,0.15,0.65,0.2,Patch,Patch|k=2|k=5|k=10,67.91559223235707,64.40063966037604,59.02651553861984,56.576926812790155,,,,1
broad,k_sweep,U60,0.15,0.65,0.2,Patch,Patch|k=2|k=5|k=10,68.18546764688597,61.924953977323746,60.05445578587287,54.959858623658675,,,,1
broad,k_sweep,U80,0.15,0.65,0.2,Patch,Patch|k=2|k=5|k=10,66.84756719036375,62.148624489117026,58.563571943538626,52.2236839218771,,,,1
broad,main,Base,0.15,0.7,0.15,Patch,,58.44459988270652,,58.092510827457126,,54.7439287461186,40.72287883266543,0.3520890552493938,
broad,k_sweep,Base,0.15,0.7,0.15,Patch,Patch|k=5,58.44459988270652,57.87838326113869,58.092510827457126,55.86716635683516,,,,1
broad,k_sweep,U40,0.15,0.7,0.15,Patch,Patch|k=2|k=5|k=10,66.446853929799,62.67537263584336,57.22134756338672,54.528174962951596,,,,1
broad,k_sweep,U60,0.15,0.7,0.15,Patch,Patch|k=2|k=5|k=10,66.8368573266274,60.07991923977486,58.40077198442332,52.88828985686526,,,,1
broad,k_sweep,U80,0.15,0.7,0.15,Patch,Patch|k=2|k=5|k=10,65.55640271226746,60.38359642220675,56.989801626016735,50.13959342009448,,,,1
broad,main,Base,0.15,0.75,0.1,Patch,,56.79249770783746,,56.51904608093585,,53.07028527628455,37.992465884804126,0.2734516269016112,
broad,k_sweep,Base,0.15,0.75,0.1,Patch,Patch|k=5,56.79249770783746,56.14191061046881,56.51904608093585,54.16194123952227,,,,1
broad,k_sweep,U40,0.15,0.75,0.1,Patch,Patch|k=2|k=5|k=10,64.97811562724097,60.950105611310676,55.416179588153604,52.479423113113036,,,,1
broad,k_sweep,U60,0.15,0.75,0.1,Patch,Patch|k=2|k=5|k=10,65.48824700636885,58.23488450222598,56.747088182973776,50.81672109007184,,,,1
broad,k_sweep,U80,0.15,0.75,0.1,Patch,Patch|k=2|k=5|k=10,64.26523823417116,58.618568355296496,55.41603130849487,48.055502918311866,,,,1
broad,main,Base,0.15,0.8,0.05,Patch,,55.1403955329684,,54.945581334414555,,51.3966418064505,35.262052936942816,0.19481419855384274,
broad,k_sweep,Base,0.15,0.8,0.05,Patch,Patch|k=5,55.1403955329684,54.405437959798945,54.945581334414555,52.45671612220937,,,,1
broad,k_sweep,U40,0.15,0.8,0.05,Patch,Patch|k=2|k=5|k=10,63.50937732468292,59.22483858677801,53.61101161292049,50.43067126327448,,,,1
broad,k_sweep,U60,0.15,0.8,0.05,Patch,Patch|k=2|k=5|k=10,64.13963668611028,56.3898497646771,55.09340438152421,48.745152323278425,,,,1
broad,k_sweep,U80,0.15,0.8,0.05,Patch,Patch|k=2|k=5|k=10,62.97407375607488,56.8535402883862,53.842260990972996,45.971412416529255,,,,1
broad,main,Base,0.2,0.05,0.75,Patch,,79.38714042412299,,77.87662667923529,,75.81923054733282,75.75925734489833,1.510513744887703,
broad,k_sweep,Base,0.2,0.05,0.75,k=2,k=2|k=5,79.38714042412299,79.91730874380349,77.87662667923529,77.3334565290078,,,,1
broad,k_sweep,U40,0.2,0.05,0.75,Patch,Patch|k=2|k=10,84.37038512128566,83.87492566186812,79.43277442475151,79.75678523473375,,,,0
broad,k_sweep,U60,0.2,0.05,0.75,Patch,Patch|k=2|k=5|k=10,83.18382177566043,82.81900710183756,78.60432410364365,78.41766406486757,,,,1
broad,k_sweep,U80,0.2,0.05,0.75,k=2,k=2|k=5|k=10,81.19647982522812,82.09487858465107,76.25018323980176,75.86159841382106,,,,1
broad,main,Base,0.2,0.1,0.7,Patch,,77.73503824925392,,76.30316193271398,,74.14558707749876,73.02884439703702,1.4318763165399417,
broad,k_sweep,Base,0.2,0.1,0.7,k=2,k=2|k=5,77.73503824925392,78.18083609313362,76.30316193271398,75.6282314116949,,,,1
broad,k_sweep,U40,0.2,0.1,0.7,Patch,Patch|k=2|k=10,82.9016468187276,82.14965863733543,77.6276064495184,77.7080333848952,,,,0
broad,k_sweep,U60,0.2,0.1,0.7,Patch,Patch|k=2|k=5|k=10,81.83521145540188,80.97397236428867,76.95064030219409,76.34609529807415,,,,1
broad,k_sweep,U80,0.2,0.1,0.7,k=2,k=2|k=5|k=10,79.90531534713183,80.32985051774078,74.67641292227987,73.77750791203842,,,,1
broad,main,Base,0.2,0.15,0.65,Patch,,76.08293607438485,,74.7296971861927,,72.4719436076647,70.29843144917571,1.353238888192152,
broad,k_sweep,Base,0.2,0.15,0.65,k=2,k=2|k=5,76.08293607438485,76.44436344246377,74.7296971861927,73.923006294382,,,,1
broad,k_sweep,U40,0.2,0.15,0.65,Patch,Patch|k=2|k=5|k=10,81.43290851616956,80.42439161280276,75.82243847428528,75.65928153505664,,,,1
broad,k_sweep,U60,0.2,0.15,0.65,Patch,Patch|k=2|k=5|k=10,80.48660113514332,79.12893762673978,75.29695650074453,74.27452653128074,,,,1
broad,k_sweep,U80,0.2,0.15,0.65,Patch,Patch|k=2|k=5|k=10,78.61415086903554,78.5648224508305,73.102642604758,71.6934174102558,,,,1
broad,main,Base,0.2,0.2,0.6,Patch,,74.43083389951578,,73.1562324396714,,70.79830013783065,67.5680185013144,1.2746014598443764,
broad,k_sweep,Base,0.2,0.2,0.6,k=2,k=2|k=5,74.43083389951578,74.70789079179389,73.1562324396714,72.21778117706911,,,,1
broad,k_sweep,U40,0.2,0.2,0.6,Patch,Patch|k=2|k=5|k=10,79.96417021361151,78.69912458827008,74.01727049905217,73.61052968521807,,,,1
broad,k_sweep,U60,0.2,0.2,0.6,Patch,Patch|k=2|k=5|k=10,79.13799081488474,77.2839028891909,73.64327269929497,72.2029577644873,,,,1
broad,k_sweep,U80,0.2,0.2,0.6,Patch,Patch|k=2|k=5|k=10,77.32298639093925,76.79979438392023,71.52887228723613,69.6093269084732,,,,1
broad,main,Base,0.2,0.25,0.55,Patch,,72.77873172464672,,71.58276769315012,,69.1246566679966,64.83760555345309,1.195964031496601,
broad,k_sweep,Base,0.2,0.25,0.55,k=2,k=2|k=5,72.77873172464672,72.97141814112403,71.58276769315012,70.5125560597562,,,,1
broad,k_sweep,U40,0.2,0.25,0.55,Patch,Patch|k=2|k=5|k=10,78.49543191105347,76.97385756373741,72.21210252381906,71.56177783537953,,,,1
broad,k_sweep,U60,0.2,0.25,0.55,Patch,Patch|k=2|k=5|k=10,77.78938049462619,75.43886815164204,71.98958889784542,70.13138899769389,,,,1
broad,k_sweep,U80,0.2,0.25,0.55,Patch,Patch|k=2|k=5|k=10,76.03182191284297,75.03476631700997,69.95510196971424,67.52523640669058,,,,1
broad,main,Base,0.2,0.3,0.5,Patch,,71.12662954977763,,70.00930294662881,,67.45101319816253,62.10719260559177,1.1173266031488254,
broad,k_sweep,Base,0.2,0.3,0.5,k=2,k=2|k=5,71.12662954977763,71.23494549045415,70.00930294662881,68.80733094244333,,,,1
broad,k_sweep,U40,0.2,0.3,0.5,Patch,Patch|k=2|k=5|k=10,77.02669360849542,75.24859053920473,70.40693454858592,69.51302598554096,,,,1
broad,k_sweep,U60,0.2,0.3,0.5,Patch,Patch|k=2|k=5|k=10,76.44077017436763,73.59383341409314,70.33590509639588,68.05982023090047,,,,1
broad,k_sweep,U80,0.2,0.3,0.5,Patch,Patch|k=2|k=5|k=10,74.74065743474667,73.2697382500997,68.38133165219237,65.44114590490794,,,,1
broad,main,Base,0.2,0.35,0.45,Patch,,69.47452737490858,,68.43583820010753,,65.77736972832848,59.37677965773046,1.0386891748010498,
broad,k_sweep,Base,0.2,0.35,0.45,k=2,k=2|k=5,69.47452737490858,69.4984728397843,68.43583820010753,67.10210582513041,,,,1
broad,k_sweep,U40,0.2,0.35,0.45,Patch,Patch|k=2|k=5|k=10,75.55795530593737,73.52332351467204,68.60176657335282,67.46427413570241,,,,1
broad,k_sweep,U60,0.2,0.35,0.45,Patch,Patch|k=2|k=5|k=10,75.09215985410907,71.74879867654427,68.68222129494632,65.98825146410705,,,,1
broad,k_sweep,U80,0.2,0.35,0.45,Patch,Patch|k=2|k=5|k=10,73.44949295665037,71.50471018318943,66.80756133467048,63.357055403125344,,,,1
broad,main,Base,0.2,0.4,0.4,Patch,,67.8224252000395,,66.86237345358622,,64.10372625849443,56.64636670986915,0.9600517464532885,
broad,k_sweep,Base,0.2,0.4,0.4,Patch,Patch|k=2|k=5,67.8224252000395,67.76200018911443,66.86237345358622,65.39688070781752,,,,1
broad,k_sweep,U40,0.2,0.4,0.4,Patch,Patch|k=2|k=5|k=10,74.08921700337932,71.79805649013939,66.7965985981197,65.41552228586384,,,,1
broad,k_sweep,U60,0.2,0.4,0.4,Patch,Patch|k=2|k=5|k=10,73.7435495338505,69.90376393899538,67.02853749349677,63.91668269731364,,,,1
broad,k_sweep,U80,0.2,0.4,0.4,Patch,Patch|k=2|k=5|k=10,72.1583284785541,69.73968211627916,65.23379101714862,61.272964901342725,,,,1
broad,main,Base,0.2,0.45,0.35,Patch,,66.17032302517043,,65.28890870706493,,62.43008278866039,53.91595376200784,0.8814143181054988,
broad,k_sweep,Base,0.2,0.45,0.35,Patch,Patch|k=2|k=5,66.17032302517043,66.02552753844456,65.28890870706493,63.69165559050462,,,,1
broad,k_sweep,U40,0.2,0.45,0.35,Patch,Patch|k=2|k=5|k=10,72.62047870082125,70.0727894656067,64.9914306228866,63.36677043602529,,,,1
broad,k_sweep,U60,0.2,0.45,0.35,Patch,Patch|k=2|k=5|k=10,72.39493921359194,68.05872920144651,65.37485369204721,61.84511393052022,,,,1
broad,k_sweep,U80,0.2,0.45,0.35,Patch,Patch|k=2|k=5|k=10,70.8671640004578,67.97465404936888,63.660020699626735,59.1888743995601,,,,1
broad,main,Base,0.2,0.5,0.3,Patch,,64.51822085030136,,63.71544396054364,,60.756439318826324,51.18554081414653,0.8027768897577232,
broad,k_sweep,Base,0.2,0.5,0.3,Patch,Patch|k=2|k=5,64.51822085030136,64.28905488777468,63.71544396054364,61.98643047319172,,,,1
broad,k_sweep,U40,0.2,0.5,0.3,Patch,Patch|k=2|k=5|k=10,71.1517403982632,68.34752244107402,63.18626264765348,61.318018586186724,,,,1
broad,k_sweep,U60,0.2,0.5,0.3,Patch,Patch|k=2|k=5|k=10,71.04632889333338,66.21369446389762,63.72116989059765,59.773545163726794,,,,1
broad,k_sweep,U80,0.2,0.5,0.3,Patch,Patch|k=2|k=5|k=10,69.5759995223615,66.2096259824586,62.08625038210486,57.10478389777749,,,,1
broad,main,Base,0.2,0.55,0.25,Patch,,62.86611867543229,,62.14197921402235,,59.082795848992276,48.45512786628522,0.7241394614099406,
broad,k_sweep,Base,0.2,0.55,0.25,Patch,Patch|k=2|k=5,62.86611867543229,62.552582237104815,62.14197921402235,60.28120535587882,,,,1
broad,k_sweep,U40,0.2,0.55,0.25,Patch,Patch|k=2|k=5|k=10,69.68300209570516,66.62225541654135,61.38109467242037,59.26926673634818,,,,1
broad,k_sweep,U60,0.2,0.55,0.25,Patch,Patch|k=2|k=5|k=10,69.69771857307482,64.36865972634874,62.067486089148105,57.70197639693337,,,,1
broad,k_sweep,U80,0.2,0.55,0.25,Patch,Patch|k=2|k=5|k=10,68.28483504426522,64.44459791554833,60.51248006458298,55.020693395994876,,,,1
broad,main,Base,0.2,0.6,0.2,Patch,,61.21401650056322,,60.56851446750105,,57.40915237915823,45.724714918423906,0.645502033062165,
broad,k_sweep,Base,0.2,0.6,0.2,Patch,Patch|k=2|k=5,61.21401650056322,60.81610958643495,60.56851446750105,58.57598023856591,,,,1
broad,k_sweep,U40,0.2,0.6,0.2,Patch,Patch|k=2|k=5|k=10,68.2142637931471,64.89698839200867,59.57592669718724,57.22051488650961,,,,1
broad,k_sweep,U60,0.2,0.6,0.2,Patch,Patch|k=2|k=5|k=10,68.34910825281627,62.52362498879986,60.41380228769854,55.630407630139956,,,,1
broad,k_sweep,U80,0.2,0.6,0.2,Patch,Patch|k=2|k=5|k=10,66.99367056616892,62.67956984863806,58.938709747061104,52.93660289421225,,,,1
broad,main,Base,0.2,0.65,0.15,Patch,,59.561914325694154,,58.99504972097976,,55.735508909324174,42.994301970562596,0.5668646047143966,
broad,k_sweep,Base,0.2,0.65,0.15,Patch,Patch|k=2|k=5,59.561914325694154,59.07963693576508,58.99504972097976,56.87075512125302,,,,1
broad,k_sweep,U40,0.2,0.65,0.15,Patch,Patch|k=2|k=5|k=10,66.74552549058906,63.17172136747599,57.77075872195413,55.17176303667105,,,,1
broad,k_sweep,U60,0.2,0.65,0.15,Patch,Patch|k=2|k=5|k=10,67.0004979325577,60.67859025125099,58.76011848624899,53.55883886334653,,,,1
broad,k_sweep,U80,0.2,0.65,0.15,Patch,Patch|k=2|k=5|k=10,65.70250608807264,60.91454178172777,57.36493942953923,50.852512392429645,,,,1
broad,main,Base,0.2,0.7,0.1,Patch,,57.909812150825076,,57.42158497445846,,54.06186543949011,40.263889022701285,0.48822717636661395,
broad,k_sweep,Base,0.2,0.7,0.1,Patch,Patch|k=5,57.909812150825076,57.343164285095206,57.42158497445846,55.16553000394012,,,,1
broad,k_sweep,U40,0.2,0.7,0.1,Patch,Patch|k=2|k=5|k=10,65.276787188031,61.446454342943305,55.96559074672101,53.12301118683249,,,,1
broad,k_sweep,U60,0.2,0.7,0.1,Patch,Patch|k=2|k=5|k=10,65.65188761229913,58.833555513702095,57.10643468479943,51.48727009655311,,,,1
broad,k_sweep,U80,0.2,0.7,0.1,Patch,Patch|k=2|k=5|k=10,64.41134160997633,59.14951371481751,55.79116911201734,48.768421890647026,,,,1
broad,main,Base,0.2,0.75,0.05,Patch,,56.25770997595601,,55.84812022793718,,52.388221969656065,37.533476074839975,0.4095897480188313,
broad,k_sweep,Base,0.2,0.75,0.05,Patch,Patch|k=5,56.25770997595601,55.606691634425346,55.84812022793718,53.46030488662723,,,,1
broad,k_sweep,U40,0.2,0.75,0.05,Patch,Patch|k=2|k=5|k=10,63.808048885472964,59.721187318410635,54.1604227714879,51.07425933699394,,,,1
broad,k_sweep,U60,0.2,0.75,0.05,Patch,Patch|k=2|k=5|k=10,64.30327729204056,56.98852077615322,55.45275088334989,49.415701329759685,,,,1
broad,k_sweep,U80,0.2,0.75,0.05,Patch,Patch|k=2|k=5|k=10,63.12017713188006,57.38448564790724,54.21739879449549,46.6843313888644,,,,1
broad,main,Base,0.25,0.05,0.7,Patch,,78.85235269224154,,77.20570082623661,,75.13716724070431,75.30026753493418,1.6466518660049303,
broad,k_sweep,Base,0.25,0.05,0.7,k=2,k=2|k=5,78.85235269224154,79.38208976776002,77.20570082623661,76.63182017611275,,,,1
broad,k_sweep,U40,0.25,0.05,0.7,Patch,Patch|k=2|k=10,83.20031837951765,82.64600736896806,78.1770176080858,78.35162145861464,,,,0
broad,k_sweep,U60,0.25,0.05,0.7,Patch,Patch|k=2|k=5|k=10,81.99885206133216,81.57264337576478,77.30998680401974,77.01664430455541,,,,1
broad,k_sweep,U80,0.25,0.05,0.7,k=2,k=2|k=5|k=10,80.051418722937,80.86079587726182,75.05155072580236,74.49042688437359,,,,1
broad,main,Base,0.25,0.1,0.65,Patch,,77.20025051737247,,75.63223607971531,,73.46352377087028,72.56985458707287,1.5680144376571548,
broad,k_sweep,Base,0.25,0.1,0.65,k=2,k=2|k=5,77.20025051737247,77.64561711709015,75.63223607971531,74.92659505879986,,,,1
broad,k_sweep,U40,0.25,0.1,0.65,Patch,Patch|k=2|k=5|k=10,81.7315800769596,80.92074034443539,76.37184963285269,76.3028696087761,,,,1
broad,k_sweep,U60,0.25,0.1,0.65,Patch,Patch|k=2|k=5|k=10,80.6502417410736,79.72760863821591,75.65630300257021,74.94507553776201,,,,1
broad,k_sweep,U80,0.25,0.1,0.65,k=2,k=2|k=5|k=10,78.76025424484072,79.09576781035155,73.47778040828048,72.406336382591,,,,1
broad,main,Base,0.25,0.15,0.6,Patch,,75.5481483425034,,74.058771333194,,71.78988030103622,69.83944163921156,1.4893770093093934,
broad,k_sweep,Base,0.25,0.15,0.6,k=2,k=2|k=5,75.5481483425034,75.90914446642029,74.058771333194,73.22136994148697,,,,1
broad,k_sweep,U40,0.25,0.15,0.6,Patch,Patch|k=2|k=5|k=10,80.26284177440154,79.19547331990272,74.56668165761958,74.25411775893754,,,,1
broad,k_sweep,U60,0.25,0.15,0.6,Patch,Patch|k=2|k=5|k=10,79.30163142081504,77.88257390066701,74.00261920112065,72.87350677096858,,,,1
broad,k_sweep,U80,0.25,0.15,0.6,Patch,Patch|k=2|k=5|k=10,77.46908976674443,77.33073974344127,71.9040100907586,70.32224588080834,,,,1
broad,main,Base,0.25,0.2,0.55,Patch,,73.89604616763434,,72.48530658667273,,70.11623683120217,67.10902869135026,1.4107395809616037,
broad,k_sweep,Base,0.25,0.2,0.55,k=2,k=2|k=5,73.89604616763434,74.17267181575043,72.48530658667273,71.51614482417408,,,,1
broad,k_sweep,U40,0.25,0.2,0.55,Patch,Patch|k=2|k=5|k=10,78.79410347184351,77.47020629537003,72.76151368238646,72.20536590909899,,,,1
broad,k_sweep,U60,0.25,0.2,0.55,Patch,Patch|k=2|k=5|k=10,77.95302110055648,76.03753916311815,72.3489353996711,70.80193800417517,,,,1
broad,k_sweep,U80,0.25,0.2,0.55,Patch,Patch|k=2|k=5|k=10,76.17792528864814,75.56571167653101,70.33023977323673,68.23815537902574,,,,1
broad,main,Base,0.25,0.25,0.5,Patch,,72.24394399276527,,70.91184184015144,,68.44259336136811,64.37861574348894,1.3321021526138281,
broad,k_sweep,Base,0.25,0.25,0.5,k=2,k=2|k=5,72.24394399276527,72.43619916508054,70.91184184015144,69.81091970686116,,,,1
broad,k_sweep,U40,0.25,0.25,0.5,Patch,Patch|k=2|k=5|k=10,77.32536516928546,75.74493927083735,70.95634570715335,70.15661405926042,,,,1
broad,k_sweep,U60,0.25,0.25,0.5,Patch,Patch|k=2|k=5|k=10,76.60441078029791,74.19250442556927,70.69525159822155,68.73036923738174,,,,1
broad,k_sweep,U80,0.25,0.25,0.5,Patch,Patch|k=2|k=5|k=10,74.88676081055185,73.8006836096207,68.75646945571485,66.15406487724313,,,,1
broad,main,Base,0.25,0.3,0.45,Patch,,70.5918418178962,,69.33837709363014,,66.76894989153406,61.64820279562763,1.2534647242660526,
broad,k_sweep,Base,0.25,0.3,0.45,k=2,k=2|k=5,70.5918418178962,70.69972651441067,69.33837709363014,68.10569458954826,,,,1
broad,k_sweep,U40,0.25,0.3,0.45,Patch,Patch|k=2|k=5|k=10,75.8566268667274,74.01967224630468,69.15117773192024,68.10786220942185,,,,1
broad,k_sweep,U60,0.25,0.3,0.45,Patch,Patch|k=2|k=5|k=10,75.25580046003937,72.34746968802038,69.04156779677199,66.65880047058833,,,,1
broad,k_sweep,U80,0.25,0.3,0.45,Patch,Patch|k=2|k=5|k=10,73.59559633245556,72.03565554271044,67.18269913819297,64.0699743754605,,,,1
broad,main,Base,0.25,0.35,0.4,Patch,,68.93973964302712,,67.76491234710885,,65.0953064217,58.91778984776632,1.174827295918277,
broad,k_sweep,Base,0.25,0.35,0.4,k=2,k=2|k=5,68.93973964302712,68.9632538637408,67.76491234710885,66.40046947223537,,,,1
broad,k_sweep,U40,0.25,0.35,0.4,Patch,Patch|k=2|k=5|k=10,74.38788856416934,72.29440522177201,67.34600975668711,66.0591103595833,,,,1
broad,k_sweep,U60,0.25,0.35,0.4,Patch,Patch|k=2|k=5|k=10,73.90719013978078,70.5024349504715,67.38788399532244,64.5872317037949,,,,1
broad,k_sweep,U80,0.25,0.35,0.4,Patch,Patch|k=2|k=5|k=10,72.30443185435927,70.27062747580017,65.6089288206711,61.985883873677885,,,,1
broad,main,Base,0.25,0.4,0.35,Patch,,67.28763746815805,,66.19144760058755,,63.421662951865954,56.187376899905,1.0961898675705015,
broad,k_sweep,Base,0.25,0.4,0.35,Patch,Patch|k=2|k=5,67.28763746815805,67.22678121307094,66.19144760058755,64.69524435492247,,,,1
broad,k_sweep,U40,0.25,0.4,0.35,Patch,Patch|k=2|k=5|k=10,72.9191502616113,70.56913819723933,65.54084178145399,64.01035850974475,,,,1
broad,k_sweep,U60,0.25,0.4,0.35,Patch,Patch|k=2|k=5|k=10,72.55857981952222,68.65740021292261,65.7342001938729,62.51566293700148,,,,1
broad,k_sweep,U80,0.25,0.4,0.35,Patch,Patch|k=2|k=5|k=10,71.01326737626299,68.50559940888989,64.03515850314922,59.90179337189527,,,,1
broad,main,Base,0.25,0.45,0.3,Patch,,65.63553529328898,,64.61798285406626,,61.74801948203191,53.45696395204369,1.017552439222726,
broad,k_sweep,Base,0.25,0.45,0.3,Patch,Patch|k=2|k=5,65.63553529328898,65.49030856240108,64.61798285406626,62.99001923760957,,,,1
broad,k_sweep,U40,0.25,0.45,0.3,Patch,Patch|k=2|k=5|k=10,71.45041195905326,68.84387117270664,63.73567380622089,61.96160665990618,,,,1
broad,k_sweep,U60,0.25,0.45,0.3,Patch,Patch|k=2|k=5|k=10,71.20996949926366,66.81236547537374,64.08051639242332,60.44409417020807,,,,1
broad,k_sweep,U80,0.25,0.45,0.3,Patch,Patch|k=2|k=5|k=10,69.72210289816668,66.74057134197962,62.46138818562735,57.81770287011266,,,,1
broad,main,Base,0.25,0.5,0.25,Patch,,63.98343311841992,,63.04451810754497,,60.07437601219784,50.72655100418239,0.9389150108749504,
broad,k_sweep,Base,0.25,0.5,0.25,Patch,Patch|k=2|k=5,63.98343311841992,63.75383591173121,63.04451810754497,61.28479412029668,,,,1
broad,k_sweep,U40,0.25,0.5,0.25,Patch,Patch|k=2|k=5|k=10,69.9816736564952,67.11860414817397,61.93050583098776,59.91285481006762,,,,1
broad,k_sweep,U60,0.25,0.5,0.25,Patch,Patch|k=2|k=5|k=10,69.8613591790051,64.96733073782485,62.42683259097378,58.37252540341464,,,,1
broad,k_sweep,U80,0.25,0.5,0.25,Patch,Patch|k=2|k=5|k=10,68.4309384200704,64.97554327506936,60.88761786810547,55.733612368330036,,,,1
broad,main,Base,0.25,0.55,0.2,Patch,,62.33133094355085,,61.47105336102367,,58.400732542363805,47.99613805632108,0.860277582527182,
broad,k_sweep,Base,0.25,0.55,0.2,Patch,Patch|k=2|k=5,62.33133094355085,62.01736326106134,61.47105336102367,59.57956900298378,,,,1
broad,k_sweep,U40,0.25,0.55,0.2,Patch,Patch|k=2|k=5|k=10,68.51293535393715,65.3933371236413,60.12533785575465,57.86410296022907,,,,1
broad,k_sweep,U60,0.25,0.55,0.2,Patch,Patch|k=2|k=5|k=10,68.51274885874655,63.12229600027598,60.77314878952422,56.30095663662123,,,,1
broad,k_sweep,U80,0.25,0.55,0.2,Patch,Patch|k=2|k=5|k=10,67.13977394197411,63.21051520815908,59.313847550583596,53.649521866547424,,,,1
broad,main,Base,0.25,0.6,0.15,Patch,,60.679228768681774,,59.89758861450238,,56.727089072529736,45.265725108459755,0.7816401541793923,
broad,k_sweep,Base,0.25,0.6,0.15,Patch,Patch|k=2|k=5,60.679228768681774,60.280890610391474,59.89758861450238,57.87434388567087,,,,1
broad,k_sweep,U40,0.25,0.6,0.15,Patch,Patch|k=2|k=5|k=10,67.04419705137909,63.66807009910861,58.32016988052154,55.81535111039051,,,,1
broad,k_sweep,U60,0.25,0.6,0.15,Patch,Patch|k=2|k=5|k=10,67.16413853848799,61.27726126272709,59.11946498807466,54.229387869827804,,,,1
broad,k_sweep,U80,0.25,0.6,0.15,Patch,Patch|k=2|k=5|k=10,65.84860946387782,61.4454871412488,57.74007723306172,51.565431364764805,,,,1
broad,main,Base,0.25,0.65,0.1,Patch,,59.0271265938127,,58.324123867981086,,55.05344560269569,42.53531216059845,0.7030027258316167,
broad,k_sweep,Base,0.25,0.65,0.1,Patch,Patch|k=2|k=5,59.0271265938127,58.544417959721606,58.324123867981086,56.16911876835798,,,,1
broad,k_sweep,U40,0.25,0.65,0.1,Patch,Patch|k=2|k=5|k=10,65.57545874882105,61.94280307457594,56.515001905288436,53.76659926055195,,,,1
broad,k_sweep,U60,0.25,0.65,0.1,Patch,Patch|k=2|k=5|k=10,65.81552821822943,59.432226525178216,57.465781186625115,52.15781910303439,,,,1
broad,k_sweep,U80,0.25,0.65,0.1,Patch,Patch|k=2|k=5|k=10,64.55744498578152,59.68045907433853,56.16630691553983,49.481340862982194,,,,1
broad,main,Base,0.25,0.7,0.05,Patch,,57.37502441894364,,56.75065912145979,,53.37980213286162,39.80489921273715,0.6243652974838483,
broad,k_sweep,Base,0.25,0.7,0.05,Patch,Patch|k=2|k=5,57.37502441894364,56.80794530905174,56.75065912145979,54.46389365104508,,,,1
broad,k_sweep,U40,0.25,0.7,0.05,Patch,Patch|k=2|k=5|k=10,64.10672044626298,60.21753605004326,54.709833930055304,51.71784741071338,,,,1
broad,k_sweep,U60,0.25,0.7,0.05,Patch,Patch|k=2|k=5|k=10,64.46691789797086,57.58719178762933,55.812097385175555,50.086250336240965,,,,1
broad,k_sweep,U80,0.25,0.7,0.05,Patch,Patch|k=2|k=5|k=10,63.26628050768523,57.91543100742825,54.59253659801795,47.397250361199575,,,,1
broad,main,Base,0.3,0.05,0.65,Patch,,78.31756496036009,,76.53477497323793,,74.45510393407584,74.84127772497004,1.7827899871221575,
broad,k_sweep,Base,0.3,0.05,0.65,k=2,k=2|k=5,78.31756496036009,78.84687079171654,76.53477497323793,75.93018382321772,,,,1
broad,k_sweep,U40,0.3,0.05,0.65,Patch,Patch|k=2|k=10,82.03025163774964,81.41708907606802,76.9212607914201,76.94645768249555,,,,0
broad,k_sweep,U60,0.3,0.05,0.65,Patch,Patch|k=2|k=5|k=10,80.81388234700388,80.32627964969203,76.01564950439588,75.61562454424329,,,,1
broad,k_sweep,U80,0.3,0.05,0.65,k=2,k=2|k=5|k=10,78.90635762064589,79.62671316987256,73.85291821180297,73.11925535492612,,,,1
broad,main,Base,0.3,0.1,0.6,Patch,,76.66546278549102,,74.96131022671663,,72.78146046424179,72.11086477710872,1.704152558774382,
broad,k_sweep,Base,0.3,0.1,0.6,k=2,k=2|k=5,76.66546278549102,77.11039814104667,74.96131022671663,74.22495870590483,,,,1
broad,k_sweep,U40,0.3,0.1,0.6,Patch,Patch|k=2|k=5|k=10,80.56151333519159,79.69182205153534,75.11609281618699,74.89770583265698,,,,1
broad,k_sweep,U60,0.3,0.1,0.6,Patch,Patch|k=2|k=5|k=10,79.46527202674532,78.48124491214314,74.36196570294634,73.54405577744986,,,,1
broad,k_sweep,U80,0.3,0.1,0.6,k=2,k=2|k=5|k=10,77.61519314254961,77.86168510296228,72.27914789428108,71.03516485314351,,,,1
broad,main,Base,0.3,0.15,0.55,Patch,,75.01336061062194,,73.38784548019534,,71.10781699440774,69.38045182924743,1.6255151304266064,
broad,k_sweep,Base,0.3,0.15,0.55,k=2,k=2|k=5,75.01336061062194,75.3739254903768,73.38784548019534,72.51973358859192,,,,1
broad,k_sweep,U40,0.3,0.15,0.55,Patch,Patch|k=2|k=5|k=10,79.09277503263355,77.96655502700266,73.31092484095387,72.84895398281844,,,,1
broad,k_sweep,U60,0.3,0.15,0.55,Patch,Patch|k=2|k=5|k=10,78.11666170648677,76.63621017459427,72.70828190149676,71.47248701065644,,,,1
broad,k_sweep,U80,0.3,0.15,0.55,Patch,Patch|k=2|k=5|k=10,76.32402866445334,76.09665703605202,70.7053775767592,68.9510743513609,,,,1
broad,main,Base,0.3,0.2,0.5,Patch,,73.36125843575289,,71.81438073367404,,69.43417352457368,66.65003888138611,1.5468777020788451,
broad,k_sweep,Base,0.3,0.2,0.5,k=2,k=2|k=5,73.36125843575289,73.63745283970695,71.81438073367404,70.81450847127901,,,,1
broad,k_sweep,U40,0.3,0.2,0.5,Patch,Patch|k=2|k=5|k=10,77.62403673007549,76.24128800247,71.50575686572076,70.80020213297988,,,,1
broad,k_sweep,U60,0.3,0.2,0.5,Patch,Patch|k=2|k=5|k=10,76.76805138622821,74.79117543704537,71.05459810004722,69.40091824386303,,,,1
broad,k_sweep,U80,0.3,0.2,0.5,Patch,Patch|k=2|k=5|k=10,75.03286418635703,74.33162896914175,69.13160725923733,66.86698384957828,,,,1
broad,main,Base,0.3,0.25,0.45,Patch,,71.7091562608838,,70.24091598715275,,67.76053005473963,63.9196259335248,1.4682402737310554,
broad,k_sweep,Base,0.3,0.25,0.45,k=2,k=2|k=5,71.7091562608838,71.90098018903707,70.24091598715275,69.10928335396612,,,,1
broad,k_sweep,U40,0.3,0.25,0.45,Patch,Patch|k=2|k=5|k=10,76.15529842751744,74.51602097793732,69.70058889048765,68.7514502831413,,,,1
broad,k_sweep,U60,0.3,0.25,0.45,Patch,Patch|k=2|k=5|k=10,75.41944106596964,72.9461406994965,69.40091429859767,67.32934947706958,,,,1
broad,k_sweep,U80,0.3,0.25,0.45,Patch,Patch|k=2|k=5|k=10,73.74169970826075,72.56660090223147,67.55783694171545,64.78289334779568,,,,1
broad,main,Base,0.3,0.3,0.4,Patch,,70.05705408601474,,68.66745124063146,,66.08688658490557,61.18921298566348,1.3896028453832798,
broad,k_sweep,Base,0.3,0.3,0.4,k=2,k=2|k=5,70.05705408601474,70.16450753836722,68.66745124063146,67.40405823665323,,,,1
broad,k_sweep,U40,0.3,0.3,0.4,Patch,Patch|k=2|k=5|k=10,74.6865601249594,72.79075395340463,67.89542091525453,66.70269843330276,,,,1
broad,k_sweep,U60,0.3,0.3,0.4,Patch,Patch|k=2|k=5|k=10,74.07083074571108,71.10110596194761,67.74723049714811,65.25778071027618,,,,1
broad,k_sweep,U80,0.3,0.3,0.4,Patch,Patch|k=2|k=5|k=10,72.45053523016445,70.80157283532121,65.98406662419359,62.69880284601305,,,,1
broad,main,Base,0.3,0.35,0.35,Patch,,68.40495191114567,,67.09398649411017,,64.41324311507152,58.45880003780217,1.3109654170355043,
broad,k_sweep,Base,0.3,0.35,0.35,k=2,k=2|k=5,68.40495191114567,68.42803488769734,67.09398649411017,65.69883311934034,,,,1
broad,k_sweep,U40,0.3,0.35,0.35,Patch,Patch|k=2|k=5|k=10,73.21782182240133,71.06548692887195,66.0902529400214,64.6539465834642,,,,1
broad,k_sweep,U60,0.3,0.35,0.35,Patch,Patch|k=2|k=5|k=10,72.72222042545252,69.25607122439872,66.09354669569855,63.18621194348275,,,,1
broad,k_sweep,U80,0.3,0.35,0.35,Patch,Patch|k=2|k=5|k=10,71.15937075206817,69.03654476841092,64.4102963066717,60.61471234423044,,,,1
broad,main,Base,0.3,0.4,0.3,Patch,,66.75284973627662,,65.52052174758887,,62.73959964523747,55.72838708994086,1.232327988687743,
broad,k_sweep,Base,0.3,0.4,0.3,Patch,Patch|k=2|k=5,66.75284973627662,66.69156223702748,65.52052174758887,63.99360800202742,,,,1
broad,k_sweep,U40,0.3,0.4,0.3,Patch,Patch|k=2|k=5|k=10,71.7490835198433,69.34021990433928,64.2850849647883,62.60519473362564,,,,1
broad,k_sweep,U60,0.3,0.4,0.3,Patch,Patch|k=2|k=5|k=10,71.37361010519396,67.41103648684985,64.439862894249,61.11464317668933,,,,1
broad,k_sweep,U80,0.3,0.4,0.3,Patch,Patch|k=2|k=5|k=10,69.86820627397186,67.27151670150064,62.83652598914981,58.53062184244783,,,,1
broad,main,Base,0.3,0.45,0.25,Patch,,65.10074756140754,,63.94705700106758,,61.065956175403414,52.99797414207955,1.1536905603399674,
broad,k_sweep,Base,0.3,0.45,0.25,Patch,Patch|k=2|k=5,65.10074756140754,64.9550895863576,63.94705700106758,62.28838288471453,,,,1
broad,k_sweep,U40,0.3,0.45,0.25,Patch,Patch|k=2|k=5|k=10,70.28034521728523,67.6149528798066,62.479916989555186,60.55644288378708,,,,1
broad,k_sweep,U60,0.3,0.45,0.25,Patch,Patch|k=2|k=5|k=10,70.0249997849354,65.56600174930098,62.78617909279944,59.043074409895915,,,,1
broad,k_sweep,U80,0.3,0.45,0.25,Patch,Patch|k=2|k=5|k=10,68.57704179587559,65.50648863459037,61.26275567162795,56.446531340665196,,,,1
broad,main,Base,0.3,0.5,0.2,Patch,,63.448645386538466,,62.37359225454629,,59.39231270556937,50.26756119421824,1.0750531319921777,
broad,k_sweep,Base,0.3,0.5,0.2,Patch,Patch|k=2|k=5,63.448645386538466,63.21861693568774,62.37359225454629,60.58315776740162,,,,1
broad,k_sweep,U40,0.3,0.5,0.2,Patch,Patch|k=2|k=5|k=10,68.8116069147272,65.88968585527392,60.67474901432206,58.507691033948525,,,,1
broad,k_sweep,U60,0.3,0.5,0.2,Patch,Patch|k=2|k=5|k=10,68.67638946467684,63.720967011752094,61.1324952913499,56.97150564310251,,,,1
broad,k_sweep,U80,0.3,0.5,0.2,Patch,Patch|k=2|k=5|k=10,67.2858773177793,63.7414605676801,59.68898535410608,54.362440838882584,,,,1
broad,main,Base,0.3,0.55,0.15,Patch,,61.796543211669395,,60.80012750802499,,57.7186692357353,47.537148246356935,0.9964157036444021,
broad,k_sweep,Base,0.3,0.55,0.15,Patch,Patch|k=2|k=5,61.796543211669395,61.482144285017874,60.80012750802499,58.877932650088724,,,,1
broad,k_sweep,U40,0.3,0.55,0.15,Patch,Patch|k=2|k=5|k=10,67.34286861216913,64.16441883074124,58.869581039088956,56.45893918410996,,,,1
broad,k_sweep,U60,0.3,0.55,0.15,Patch,Patch|k=2|k=5|k=10,67.32777914441827,61.875932274203215,59.478811489900345,54.899936876309084,,,,1
broad,k_sweep,U80,0.3,0.55,0.15,Patch,Patch|k=2|k=5|k=10,65.994712839683,61.97643250076984,58.1152150365842,52.27835033709997,,,,1
broad,main,Base,0.3,0.6,0.1,Patch,,60.14444103680032,,59.2266627615037,,56.04502576590125,44.80673529849562,0.9177782752966266,
broad,k_sweep,Base,0.3,0.6,0.1,Patch,Patch|k=2|k=5,60.14444103680032,59.74567163434801,59.2266627615037,57.17270753277584,,,,1
broad,k_sweep,U40,0.3,0.6,0.1,Patch,Patch|k=2|k=5|k=10,65.87413030961108,62.439151806208564,57.06441306385583,54.4101873342714,,,,1
broad,k_sweep,U60,0.3,0.6,0.1,Patch,Patch|k=2|k=5|k=10,65.97916882415971,60.03089753665433,57.82512768845078,52.82836810951566,,,,1
broad,k_sweep,U80,0.3,0.6,0.1,Patch,Patch|k=2|k=5|k=10,64.70354836158671,60.21140443385955,56.54144471906232,50.194259835317354,,,,1
broad,main,Base,0.3,0.65,0.05,Patch,,58.49233886193125,,57.6531980149824,,54.3713822960672,42.076322350634314,0.839140846948851,
broad,k_sweep,Base,0.3,0.65,0.05,Patch,Patch|k=2|k=5,58.49233886193125,58.009198983678125,57.6531980149824,55.46748241546294,,,,1
broad,k_sweep,U40,0.3,0.65,0.05,Patch,Patch|k=2|k=5|k=10,64.40539200705304,60.713884781675894,55.25924508862272,52.36143548443285,,,,1
broad,k_sweep,U60,0.3,0.65,0.05,Patch,Patch|k=2|k=5|k=10,64.63055850390117,58.18586279910545,56.17144388700123,50.756799342722246,,,,1
broad,k_sweep,U80,0.3,0.65,0.05,Patch,Patch|k=2|k=5|k=10,63.41238388349043,58.44637636694927,54.96767440154044,48.11016933353474,,,,1
broad,main,Base,0.35,0.05,0.6,Patch,,77.78277722847864,,75.86384912023927,,73.77304062744734,74.38228791500589,1.9189281082393705,
broad,k_sweep,Base,0.35,0.05,0.6,k=2,k=2|k=5,77.78277722847864,78.31165181567307,75.86384912023927,75.22854747032267,,,,1
broad,k_sweep,U40,0.35,0.05,0.6,Patch,Patch|k=2|k=5|k=10,80.86018489598163,80.18817078316796,75.6655039747544,75.54129390637645,,,,1
broad,k_sweep,U60,0.35,0.05,0.6,Patch,Patch|k=2|k=5|k=10,79.62891263267562,79.07991592361925,74.721312204772,74.21460478393112,,,,1
broad,k_sweep,U80,0.35,0.05,0.6,k=2,k=2|k=5|k=10,77.7612965183548,78.39263046248333,72.65428569780357,71.74808382547867,,,,1
broad,main,Base,0.35,0.1,0.55,Patch,,76.13067505360958,,74.29038437371797,,72.09939715761331,71.6518749671446,1.8402906798916092,
broad,k_sweep,Base,0.35,0.1,0.55,k=2,k=2|k=5,76.13067505360958,76.5751791650032,74.29038437371797,73.52332235300977,,,,1
broad,k_sweep,U40,0.35,0.1,0.55,Patch,Patch|k=2|k=5|k=10,79.39144659342358,78.46290375863529,73.86033599952128,73.49254205653789,,,,1
broad,k_sweep,U60,0.35,0.1,0.55,Patch,Patch|k=2|k=5|k=10,78.28030231241705,77.23488118607038,73.06762840332244,72.14303601713772,,,,1
broad,k_sweep,U80,0.35,0.1,0.55,k=2,k=2|k=5|k=10,76.4701320402585,76.62760239557305,71.0805153802817,69.66399332369606,,,,1
broad,main,Base,0.35,0.15,0.5,Patch,,74.47857287874051,,72.71691962719666,,70.42575368777925,68.92146201928327,1.7616532515438479,
broad,k_sweep,Base,0.35,0.15,0.5,k=2,k=2|k=5,74.47857287874051,74.83870651433334,72.71691962719666,71.81809723569687,,,,1
broad,k_sweep,U40,0.35,0.15,0.5,Patch,Patch|k=2|k=5|k=10,77.92270829086553,76.73763673410262,72.05516802428816,71.44379020669932,,,,1
broad,k_sweep,U60,0.35,0.15,0.5,Patch,Patch|k=2|k=5|k=10,76.93169199215849,75.3898464485215,71.4139446018729,70.0714672503443,,,,1
broad,k_sweep,U80,0.35,0.15,0.5,Patch,Patch|k=2|k=5|k=10,75.1789675621622,74.86257432866277,69.5067450627598,67.57990282191345,,,,1
broad,main,Base,0.35,0.2,0.45,Patch,,72.82647070387144,,71.14345488067539,,68.75211021794519,66.19104907142197,1.683015823196044,
broad,k_sweep,Base,0.35,0.2,0.45,k=2,k=2|k=5,72.82647070387144,73.10223386366347,71.14345488067539,70.11287211838398,,,,1
broad,k_sweep,U40,0.35,0.2,0.45,Patch,Patch|k=2|k=5|k=10,76.45396998830748,75.01236970956994,70.25000004905506,69.39503835686077,,,,1
broad,k_sweep,U60,0.35,0.2,0.45,Patch,Patch|k=2|k=5|k=10,75.58308167189995,73.54481171097261,69.76026080042334,67.99989848355088,,,,1
broad,k_sweep,U80,0.35,0.2,0.45,Patch,Patch|k=2|k=5|k=10,73.88780308406592,73.09754626175248,67.93297474523794,65.49581232013084,,,,1
broad,main,Base,0.35,0.25,0.4,Patch,,71.17436852900236,,69.56999013415408,,67.07846674811114,63.460636123560654,1.6043783948482826,
broad,k_sweep,Base,0.35,0.25,0.4,k=2,k=2|k=5,71.17436852900236,71.3657612129936,69.56999013415408,68.40764700107108,,,,1
broad,k_sweep,U40,0.35,0.25,0.4,Patch,Patch|k=2|k=5|k=10,74.98523168574944,73.28710268503725,68.44483207382193,67.34628650702221,,,,1
broad,k_sweep,U60,0.35,0.25,0.4,Patch,Patch|k=2|k=5|k=10,74.23447135164137,71.69977697342374,68.10657699897378,65.92832971675745,,,,1
broad,k_sweep,U80,0.35,0.25,0.4,Patch,Patch|k=2|k=5|k=10,72.59663860596964,71.33251819484222,66.35920442771607,63.41172181834821,,,,1
broad,main,Base,0.35,0.3,0.35,Patch,,69.5222663541333,,67.99652538763279,,65.40482327827708,60.73022317569934,1.525740966500507,
broad,k_sweep,Base,0.35,0.3,0.35,k=2,k=2|k=5,69.5222663541333,69.62928856232374,67.99652538763279,66.70242188375818,,,,1
broad,k_sweep,U40,0.35,0.3,0.35,Patch,Patch|k=2|k=5|k=10,73.51649338319136,71.56183566050457,66.63966409858882,65.29753465718365,,,,1
broad,k_sweep,U60,0.35,0.3,0.35,Patch,Patch|k=2|k=5|k=10,72.88586103138282,69.85474223587487,66.45289319752423,63.856760949964034,,,,1
broad,k_sweep,U80,0.35,0.3,0.35,Patch,Patch|k=2|k=5|k=10,71.30547412787334,69.56749012793195,64.78543411019417,61.3276313165656,,,,1
broad,main,Base,0.35,0.35,0.3,Patch,,67.87016417926422,,66.42306064111149,,63.73117980844304,57.999810227838026,1.4471035381527315,
broad,k_sweep,Base,0.35,0.35,0.3,k=2,k=2|k=5,67.87016417926422,67.89281591165387,66.42306064111149,64.99719676644527,,,,1
broad,k_sweep,U40,0.35,0.35,0.3,Patch,Patch|k=2|k=5|k=10,72.04775508063334,69.83656863597191,64.83449612335569,63.24878280734509,,,,1
broad,k_sweep,U60,0.35,0.35,0.3,Patch,Patch|k=2|k=5|k=10,71.53725071112426,68.00970749832597,64.79920939607467,61.78519218317061,,,,1
broad,k_sweep,U80,0.35,0.35,0.3,Patch,Patch|k=2|k=5|k=10,70.01430964977705,67.80246206102167,63.21166379267231,59.24354081478298,,,,1
broad,main,Base,0.35,0.4,0.25,Patch,,66.21806200439515,,64.84959589459021,,62.057536338608976,55.269397279976715,1.3684661098049418,
broad,k_sweep,Base,0.35,0.4,0.25,Patch,Patch|k=2|k=5,66.21806200439515,66.15634326098399,64.84959589459021,63.291971649132385,,,,1
broad,k_sweep,U40,0.35,0.4,0.25,Patch,Patch|k=2|k=5|k=10,70.57901677807529,68.11130161143923,63.0293281481226,61.200030957506534,,,,1
broad,k_sweep,U60,0.35,0.4,0.25,Patch,Patch|k=2|k=5|k=10,70.1886403908657,66.1646727607771,63.14552559462513,59.713623416377196,,,,1
broad,k_sweep,U80,0.35,0.4,0.25,Patch,Patch|k=2|k=5|k=10,68.72314517168077,66.0374339941114,61.63789347515044,57.15945031300037,,,,1
broad,main,Base,0.35,0.45,0.2,Patch,,64.5659598295261,,63.276131148068906,,60.38389286877493,52.538984332115405,1.2898286814571875,
broad,k_sweep,Base,0.35,0.45,0.2,Patch,Patch|k=2|k=5,64.5659598295261,64.41987061031412,63.276131148068906,61.58674653181948,,,,1
broad,k_sweep,U40,0.35,0.45,0.2,Patch,Patch|k=2|k=5|k=10,69.11027847551723,66.38603458690656,61.224160172889476,59.15127910766798,,,,1
broad,k_sweep,U60,0.35,0.45,0.2,Patch,Patch|k=2|k=5|k=10,68.84003007060713,64.31963802322822,61.49184179317556,57.64205464958378,,,,1
broad,k_sweep,U80,0.35,0.45,0.2,Patch,Patch|k=2|k=5|k=10,67.43198069358446,64.27240592720112,60.06412315762856,55.07535981121776,,,,1
broad,main,Base,0.35,0.5,0.15,Patch,,62.913857654657015,,61.70266640154762,,58.71024939894088,49.8085713842541,1.2111912531093978,
broad,k_sweep,Base,0.35,0.5,0.15,Patch,Patch|k=2|k=5,62.913857654657015,62.68339795964425,61.70266640154762,59.88152141450659,,,,1
broad,k_sweep,U40,0.35,0.5,0.15,Patch,Patch|k=2|k=5|k=10,67.64154017295917,64.66076756237388,59.41899219765636,57.10252725782942,,,,1
broad,k_sweep,U60,0.35,0.5,0.15,Patch,Patch|k=2|k=5|k=10,67.49141975034856,62.47460328567933,59.838157991726014,55.57048588279036,,,,1
broad,k_sweep,U80,0.35,0.5,0.15,Patch,Patch|k=2|k=5|k=10,66.14081621548816,62.50737786029085,58.490352840106674,52.99126930943513,,,,1
broad,main,Base,0.35,0.55,0.1,Patch,,61.26175547978795,,60.12920165502633,,57.03660592910683,47.07815843639279,1.1325538247616223,
broad,k_sweep,Base,0.35,0.55,0.1,Patch,Patch|k=2|k=5,61.26175547978795,60.94692530897439,60.12920165502633,58.17629629719369,,,,1
broad,k_sweep,U40,0.35,0.55,0.1,Patch,Patch|k=2|k=5|k=10,66.17280187040113,62.9355005378412,57.61382422242324,55.05377540799086,,,,1
broad,k_sweep,U60,0.35,0.55,0.1,Patch,Patch|k=2|k=5|k=10,66.14280943009,60.62956854813044,58.184474190276454,53.49891711599693,,,,1
broad,k_sweep,U80,0.35,0.55,0.1,Patch,Patch|k=2|k=5|k=10,64.8496517373919,60.742349793380576,56.91658252258481,50.907178807652514,,,,1
broad,main,Base,0.35,0.6,0.05,Patch,,59.60965330491888,,58.555736908505025,,55.36296245927278,44.34774548853147,1.0539163964138538,
broad,k_sweep,Base,0.35,0.6,0.05,Patch,Patch|k=2|k=5,59.60965330491888,59.21045265830452,58.555736908505025,56.47107117988079,,,,1
broad,k_sweep,U40,0.35,0.6,0.05,Patch,Patch|k=2|k=5|k=10,64.70406356784308,61.210233513308516,55.80865624719013,53.005023558152295,,,,1
broad,k_sweep,U60,0.35,0.6,0.05,Patch,Patch|k=2|k=5|k=10,64.79419910983145,58.78453381058156,56.53079038882691,51.42734834920352,,,,1
broad,k_sweep,U80,0.35,0.6,0.05,Patch,Patch|k=2|k=5|k=10,63.558487259295596,58.97732172647031,55.34281220506293,48.8230883058699,,,,1
broad,main,Base,0.4,0.05,0.55,Patch,,77.24798949659719,,75.1929232672406,,73.09097732081887,73.92329810504175,2.0550662293565836,
broad,k_sweep,Base,0.4,0.05,0.55,k=2,k=2|k=5,77.24798949659719,77.7764328396296,75.1929232672406,74.52691111742763,,,,1
broad,k_sweep,U40,0.4,0.05,0.55,Patch,Patch|k=2|k=5|k=10,79.69011815421364,78.95925249026793,74.4097471580887,74.13613013025736,,,,1
broad,k_sweep,U60,0.4,0.05,0.55,Patch,Patch|k=2|k=5|k=10,78.44394291834736,77.8335521975465,73.42697490514813,72.81358502361898,,,,1
broad,k_sweep,U80,0.4,0.05,0.55,k=2,k=2|k=5|k=10,76.61623541606367,77.15854775509406,71.45565318380416,70.37691229603125,,,,1
broad,main,Base,0.4,0.1,0.5,Patch,,75.59588732172813,,73.6194585207193,,71.41733385098482,71.19288515718044,1.9764288010088222,
broad,k_sweep,Base,0.4,0.1,0.5,k=2,k=2|k=5,75.59588732172813,76.03996018895974,73.6194585207193,72.82168600011472,,,,1
broad,k_sweep,U40,0.4,0.1,0.5,Patch,Patch|k=2|k=5|k=10,78.22137985165558,77.23398546573524,72.60457918285557,72.08737828041879,,,,1
broad,k_sweep,U60,0.4,0.1,0.5,Patch,Patch|k=2|k=5|k=10,77.09533259808879,75.98851745999761,71.77329110369857,70.74201625682556,,,,1
broad,k_sweep,U80,0.4,0.1,0.5,k=2,k=2|k=5|k=10,75.3250709379674,75.39351968818379,69.8818828662823,68.29282179424862,,,,1
broad,main,Base,0.4,0.15,0.45,Patch,,73.94378514685906,,72.045993774198,,69.74369038115077,68.46247220931913,1.897791372661061,
broad,k_sweep,Base,0.4,0.15,0.45,k=2,k=2|k=5,73.94378514685906,74.30348753828987,72.045993774198,71.11646088280183,,,,1
broad,k_sweep,U40,0.4,0.15,0.45,Patch,Patch|k=2|k=5|k=10,76.75264154909752,75.50871844120256,70.79941120762247,70.03862643058022,,,,1
broad,k_sweep,U60,0.4,0.15,0.45,Patch,Patch|k=2|k=5|k=10,75.74672227783022,74.14348272244872,70.11960730224902,68.67044749003215,,,,1
broad,k_sweep,U80,0.4,0.15,0.45,Patch,Patch|k=2|k=5|k=10,74.03390645987109,73.62849162127351,68.30811254876043,66.208731292466,,,,1
broad,main,Base,0.4,0.2,0.4,Patch,,72.29168297199,,70.4725290276767,,68.07004691131671,65.73205926145782,1.8191539443132996,
broad,k_sweep,Base,0.4,0.2,0.4,k=2,k=2|k=5,72.29168297199,72.56701488762,70.4725290276767,69.41123576548893,,,,1
broad,k_sweep,U40,0.4,0.2,0.4,Patch,Patch|k=2|k=5|k=10,75.28390324653947,73.78345141666989,68.99424323238935,67.98987458074167,,,,1
broad,k_sweep,U60,0.4,0.2,0.4,Patch,Patch|k=2|k=5|k=10,74.39811195757166,72.29844798489987,68.46592350079946,66.59887872323873,,,,1
broad,k_sweep,U80,0.4,0.2,0.4,Patch,Patch|k=2|k=5|k=10,72.74274198177481,71.86346355436324,66.73434223123856,64.12464079068339,,,,1
broad,main,Base,0.4,0.25,0.35,Patch,,70.63958079712093,,68.8990642811554,,66.39640344148266,63.0016463135965,1.740516515965524,
broad,k_sweep,Base,0.4,0.25,0.35,k=2,k=2|k=5,70.63958079712093,70.83054223695012,68.8990642811554,67.70601064817605,,,,1
broad,k_sweep,U40,0.4,0.25,0.35,Patch,Patch|k=2|k=5|k=10,73.81516494398143,72.0581843921372,67.18907525715623,65.9411227309031,,,,1
broad,k_sweep,U60,0.4,0.25,0.35,Patch,Patch|k=2|k=5|k=10,73.0495016373131,70.45341324735098,66.8122396993499,64.52730995644531,,,,1
broad,k_sweep,U80,0.4,0.25,0.35,Patch,Patch|k=2|k=5|k=10,71.45157750367852,70.09843548745296,65.16057191371667,62.04055028890077,,,,1
broad,main,Base,0.4,0.3,0.3,Patch,,68.98747862225184,,67.32559953463411,,64.7227599716486,60.27123336573519,1.6618790876177343,
broad,k_sweep,Base,0.4,0.3,0.3,k=2,k=2|k=5,68.98747862225184,69.09406958628026,67.32559953463411,66.00078553086314,,,,1
broad,k_sweep,U40,0.4,0.3,0.3,Patch,Patch|k=2|k=5|k=10,72.34642664142336,70.33291736760454,65.3839072819231,63.89237088106455,,,,1
broad,k_sweep,U60,0.4,0.3,0.3,Patch,Patch|k=2|k=5|k=10,71.70089131705453,68.6083785098021,65.15855589790034,62.45574118965188,,,,1
broad,k_sweep,U80,0.4,0.3,0.3,Patch,Patch|k=2|k=5|k=10,70.16041302558223,68.33340742054268,63.586801596194796,59.95645978711815,,,,1
broad,main,Base,0.4,0.35,0.25,Patch,,67.33537644738279,,65.75213478811283,,63.04911650181456,57.54082041787388,1.5832416592699587,
broad,k_sweep,Base,0.4,0.35,0.25,k=2,k=2|k=5,67.33537644738279,67.35759693561039,65.75213478811283,64.29556041355023,,,,1
broad,k_sweep,U40,0.4,0.35,0.25,Patch,Patch|k=2|k=5|k=10,70.87768833886531,68.60765034307185,63.57873930668999,61.84361903122599,,,,1
broad,k_sweep,U60,0.4,0.35,0.25,Patch,Patch|k=2|k=5|k=10,70.35228099679598,66.76334377225321,63.50487209645079,60.38417242285848,,,,1
broad,k_sweep,U80,0.4,0.35,0.25,Patch,Patch|k=2|k=5|k=10,68.86924854748594,66.56837935363242,62.01303127867291,57.87236928533553,,,,1
broad,main,Base,0.4,0.4,0.2,Patch,,65.68327427251371,,64.17867004159153,,61.3754730319805,54.81040747001257,1.5046042309221832,
broad,k_sweep,Base,0.4,0.4,0.2,Patch,Patch|k=2|k=5,65.68327427251371,65.62112428494054,64.17867004159153,62.59033529623735,,,,1
broad,k_sweep,U40,0.4,0.4,0.2,Patch,Patch|k=2|k=5|k=10,69.40895003630727,66.88238331853918,61.773571331456886,59.79486718138744,,,,1
broad,k_sweep,U60,0.4,0.4,0.2,Patch,Patch|k=2|k=5|k=10,69.00367067653742,64.91830903470434,61.85118829500124,58.31260365606505,,,,1
broad,k_sweep,U80,0.4,0.4,0.2,Patch,Patch|k=2|k=5|k=10,67.57808406938966,64.80335128672215,60.439260961151035,55.788278783552926,,,,1
broad,main,Base,0.4,0.45,0.15,Patch,,64.03117209764463,,62.60520529507024,,59.70182956214645,52.07999452215126,1.4259668025743863,
broad,k_sweep,Base,0.4,0.45,0.15,Patch,Patch|k=2|k=5,64.03117209764463,63.884651634270654,62.60520529507024,60.88511017892444,,,,1
broad,k_sweep,U40,0.4,0.45,0.15,Patch,Patch|k=2|k=5|k=10,67.94021173374922,65.15711629400651,59.96840335622377,57.74611533154887,,,,1
broad,k_sweep,U60,0.4,0.45,0.15,Patch,Patch|k=2|k=5|k=10,67.65506035627887,63.07327429715545,60.19750449355169,56.241034889271624,,,,1
broad,k_sweep,U80,0.4,0.45,0.15,Patch,Patch|k=2|k=5|k=10,66.28691959129337,63.03832321981187,58.865490643629165,53.70418828177031,,,,1
broad,main,Base,0.4,0.5,0.1,Patch,,62.379069922775564,,61.03174054854893,,58.02818609231239,49.34958157428995,1.3473293742266321,
broad,k_sweep,Base,0.4,0.5,0.1,Patch,Patch|k=2|k=5,62.379069922775564,62.148178983600786,61.03174054854893,59.17988506161154,,,,1
broad,k_sweep,U40,0.4,0.5,0.1,Patch,Patch|k=2|k=5|k=10,66.47147343119117,63.43184926947382,58.16323538099065,55.69736348171033,,,,1
broad,k_sweep,U60,0.4,0.5,0.1,Patch,Patch|k=2|k=5|k=10,66.3064500360203,61.22823955960657,58.54382069210212,54.169466122478205,,,,1
broad,k_sweep,U80,0.4,0.5,0.1,Patch,Patch|k=2|k=5|k=10,64.99575511319708,61.273295152901596,57.29172032610728,51.62009777998768,,,,1
broad,main,Base,0.4,0.55,0.05,Patch,,60.72696774790651,,59.45827580202766,,56.35454262247834,46.61916862642864,1.2686919458788495,
broad,k_sweep,Base,0.4,0.55,0.05,Patch,Patch|k=2|k=5,60.72696774790651,60.411706332930926,59.45827580202766,57.474659944298644,,,,1
broad,k_sweep,U40,0.4,0.55,0.05,Patch,Patch|k=2|k=5|k=10,65.00273512863312,61.70658224494115,56.35806740575754,53.648611631871766,,,,1
broad,k_sweep,U60,0.4,0.55,0.05,Patch,Patch|k=2|k=5|k=10,64.95783971576175,59.383204822057685,56.89013689065258,52.0978973556848,,,,1
broad,k_sweep,U80,0.4,0.55,0.05,Patch,Patch|k=2|k=5|k=10,63.70459063510078,59.50826708599133,55.71795000858541,49.53600727820507,,,,1
broad,main,Base,0.45,0.05,0.5,Patch,,76.71320176471575,,74.52199741424191,,72.40891401419039,73.46430829507761,2.191204350473839,
broad,k_sweep,Base,0.45,0.05,0.5,k=2,k=2|k=5,76.71320176471575,77.24121386358614,74.52199741424191,73.8252747645326,,,,1
broad,k_sweep,U40,0.45,0.05,0.5,Patch,Patch|k=2|k=5|k=10,78.5200514124456,77.73033419736787,73.15399034142298,72.73096635413823,,,,1
broad,k_sweep,U60,0.45,0.05,0.5,Patch,Patch|k=2|k=5|k=10,77.25897320401909,76.58718847147374,72.13263760552424,71.41256526330683,,,,1
broad,k_sweep,U80,0.45,0.05,0.5,k=2,k=2|k=5|k=10,75.47117431377258,75.92446504770481,70.25702066980477,69.0057407665838,,,,1
broad,main,Base,0.45,0.1,0.45,Patch,,75.06109958984668,,72.94853266772061,,70.73527054435634,70.7338953472163,2.1125669221260637,
broad,k_sweep,Base,0.45,0.1,0.45,k=2,k=2|k=5,75.06109958984668,75.50474121291627,72.94853266772061,72.12004964721969,,,,1
broad,k_sweep,U40,0.45,0.1,0.45,Patch,Patch|k=2|k=5|k=10,77.05131310988757,76.00506717283521,71.34882236618988,70.68221450429968,,,,1
broad,k_sweep,U60,0.45,0.1,0.45,Patch,Patch|k=2|k=5|k=10,75.91036288376053,74.74215373392487,70.47895380407469,69.34099649651343,,,,1
broad,k_sweep,U80,0.45,0.1,0.45,Patch,Patch|k=2|k=5|k=10,74.18000983567629,74.15943698079452,68.68325035228291,66.92165026480116,,,,1
broad,main,Base,0.45,0.15,0.4,Patch,,73.4089974149776,,71.37506792119933,,69.06162707452229,68.003482399355,2.033929493778274,
broad,k_sweep,Base,0.45,0.15,0.4,k=2,k=2|k=5,73.4089974149776,73.76826856224639,71.37506792119933,70.4148245299068,,,,1
broad,k_sweep,U40,0.45,0.15,0.4,Patch,Patch|k=2|k=5|k=10,75.58257480732952,74.27980014830251,69.54365439095676,68.63346265446113,,,,1
broad,k_sweep,U60,0.45,0.15,0.4,Patch,Patch|k=2|k=5|k=10,74.56175256350195,72.89711899637598,68.82527000262513,67.26942772972001,,,,1
broad,k_sweep,U80,0.45,0.15,0.4,Patch,Patch|k=2|k=5|k=10,72.88884535758,72.39440891388426,67.10948003476102,64.83755976301855,,,,1
broad,main,Base,0.45,0.2,0.35,Patch,,71.75689524010853,,69.80160317467802,,67.38798360468823,65.27306945149368,1.9552920654305126,
broad,k_sweep,Base,0.45,0.2,0.35,k=2,k=2|k=5,71.75689524010853,72.03179591157652,69.80160317467802,68.70959941259389,,,,1
broad,k_sweep,U40,0.45,0.2,0.35,Patch,Patch|k=2|k=5|k=10,74.11383650477146,72.55453312376984,67.73848641572364,66.58471080462256,,,,1
broad,k_sweep,U60,0.45,0.2,0.35,Patch,Patch|k=2|k=5|k=10,73.2131422432434,71.0520842588271,67.17158620117557,65.19785896292659,,,,1
broad,k_sweep,U80,0.45,0.2,0.35,Patch,Patch|k=2|k=5|k=10,71.5976808794837,70.629380846974,65.53570971723916,62.75346926123593,,,,1
broad,main,Base,0.45,0.25,0.3,Patch,,70.10479306523946,,68.22813842815673,,65.71434013485417,62.542656503632365,1.876654637082737,
broad,k_sweep,Base,0.45,0.25,0.3,k=2,k=2|k=5,70.10479306523946,70.29532326090667,68.22813842815673,67.00437429528098,,,,1
broad,k_sweep,U40,0.45,0.25,0.3,Patch,Patch|k=2|k=5|k=10,72.6450982022134,70.82926609923716,65.93331844049054,64.535958954784,,,,1
broad,k_sweep,U60,0.45,0.25,0.3,Patch,Patch|k=2|k=5|k=10,71.86453192298484,69.20704952127821,65.51790239972603,63.12629019613317,,,,1
broad,k_sweep,U80,0.45,0.25,0.3,Patch,Patch|k=2|k=5|k=10,70.30651640138741,68.86435278006371,63.961939399717274,60.669378759453316,,,,1
broad,main,Base,0.45,0.3,0.25,Patch,,68.45269089037039,,66.65467368163544,,64.04069666502014,59.812243555771055,1.7980172087349473,
broad,k_sweep,Base,0.45,0.3,0.25,k=2,k=2|k=5,68.45269089037039,68.55885061023677,66.65467368163544,65.29914917796809,,,,1
broad,k_sweep,U40,0.45,0.3,0.25,Patch,Patch|k=2|k=5|k=10,71.17635989965537,69.10399907470449,64.1281504652574,62.48720710494545,,,,1
broad,k_sweep,U60,0.45,0.3,0.25,Patch,Patch|k=2|k=5|k=10,70.51592160272627,67.36201478372932,63.864218598276466,61.054721429339736,,,,1
broad,k_sweep,U80,0.45,0.3,0.25,Patch,Patch|k=2|k=5|k=10,69.01535192329112,67.09932471315345,62.3881690821954,58.5852882576707,,,,1
broad,main,Base,0.45,0.35,0.2,Patch,,66.80058871550132,,65.08120893511415,,62.36705319518607,57.081830607909744,1.7193797803871718,
broad,k_sweep,Base,0.45,0.35,0.2,k=2,k=2|k=5,66.80058871550132,66.82237795956691,65.08120893511415,63.593924060655205,,,,1
broad,k_sweep,U40,0.45,0.35,0.2,Patch,Patch|k=2|k=5|k=10,69.70762159709732,67.3787320501718,62.322982490024295,60.438455255106895,,,,1
broad,k_sweep,U60,0.45,0.35,0.2,Patch,Patch|k=2|k=5|k=10,69.16731128246771,65.51698004618045,62.21053479682691,58.983152662546324,,,,1
broad,k_sweep,U80,0.45,0.35,0.2,Patch,Patch|k=2|k=5|k=10,67.72418744519483,65.33429664624317,60.814398764673534,56.501197755888086,,,,1
broad,main,Base,0.45,0.4,0.15,Patch,,65.14848654063226,,63.507744188592845,,60.69340972535202,54.35141766004844,1.6407423520394175,
broad,k_sweep,Base,0.45,0.4,0.15,Patch,Patch|k=2|k=5,65.14848654063226,65.08590530889705,63.507744188592845,61.88869894334229,,,,1
broad,k_sweep,U40,0.45,0.4,0.15,Patch,Patch|k=2|k=5|k=10,68.23888329453926,65.65346502563914,60.517814514791176,58.38970340526833,,,,1
broad,k_sweep,U60,0.45,0.4,0.15,Patch,Patch|k=2|k=5|k=10,67.81870096220915,63.671945308631564,60.55685099537737,56.9115838957529,,,,1
broad,k_sweep,U80,0.45,0.4,0.15,Patch,Patch|k=2|k=5|k=10,66.43302296709855,63.569268579332906,59.24062844715164,54.417107254105474,,,,1
broad,main,Base,0.45,0.45,0.1,Patch,,63.4963843657632,,61.93427944207156,,59.01976625551796,51.62100471218712,1.562104923691635,
broad,k_sweep,Base,0.45,0.45,0.1,Patch,Patch|k=2|k=5,63.4963843657632,63.34943265822718,61.93427944207156,60.1834738260294,,,,1
broad,k_sweep,U40,0.45,0.45,0.1,Patch,Patch|k=2|k=5|k=10,66.77014499198121,63.928198001106445,58.71264653955806,56.34095155542977,,,,1
broad,k_sweep,U60,0.45,0.45,0.1,Patch,Patch|k=2|k=5|k=10,66.47009064195059,61.8269105710827,58.90316719392781,54.840015128959486,,,,1
broad,k_sweep,U80,0.45,0.45,0.1,Patch,Patch|k=2|k=5|k=10,65.14185848900225,61.804240512422616,57.666858129629766,52.33301675232284,,,,1
broad,main,Base,0.45,0.5,0.05,Patch,,61.84428219089412,,60.36081469555027,,57.34612278568391,48.89059176432581,1.4834674953438522,
broad,k_sweep,Base,0.45,0.5,0.05,Patch,Patch|k=2|k=5,61.84428219089412,61.61296000755731,60.36081469555027,58.4782487087165,,,,1
broad,k_sweep,U40,0.45,0.5,0.05,Patch,Patch|k=2|k=5|k=10,65.30140668942316,62.202930976573775,56.90747856432495,54.29219970559121,,,,1
broad,k_sweep,U60,0.45,0.5,0.05,Patch,Patch|k=2|k=5|k=10,65.12148032169203,59.98187583353381,57.249483392478254,52.76844636216607,,,,1
broad,k_sweep,U80,0.45,0.5,0.05,Patch,Patch|k=2|k=5|k=10,63.85069401090596,60.039212445512355,56.09308781210789,50.24892625054023,,,,1
broad,main,Base,0.5,0.05,0.45,Patch,,76.1784140328343,,73.85107156124324,,71.7268507075619,73.00531848511348,2.3273424715910522,
broad,k_sweep,Base,0.5,0.05,0.45,k=2,k=2|k=5,76.1784140328343,76.70599488754266,73.85107156124324,73.12363841163756,,,,1
broad,k_sweep,U40,0.5,0.05,0.45,Patch,Patch|k=2|k=5|k=10,77.34998467067761,76.50141590446782,71.89823352475729,71.32580257801915,,,,1
broad,k_sweep,U60,0.5,0.05,0.45,Patch,Patch|k=2|k=5|k=10,76.07400348969081,75.34082474540097,70.83830030590036,70.0115455029947,,,,1
broad,k_sweep,U80,0.5,0.05,0.45,k=2,k=2|k=5|k=10,74.32611321148147,74.69038234031557,69.05838815580539,67.63456923713632,,,,1
broad,main,Base,0.5,0.1,0.4,Patch,,74.52631185796523,,72.27760681472193,,70.05320723772785,70.27490553725215,2.248705043243291,
broad,k_sweep,Base,0.5,0.1,0.4,k=2,k=2|k=5,74.52631185796523,74.96952223687278,72.27760681472193,71.41841329432465,,,,1
broad,k_sweep,U40,0.5,0.1,0.4,Patch,Patch|k=2|k=5|k=10,75.88124636811956,74.77614887993514,70.09306554952417,69.27705072818058,,,,1
broad,k_sweep,U60,0.5,0.1,0.4,Patch,Patch|k=2|k=5|k=10,74.72539316943225,73.49579000785211,69.1846165044508,67.93997673620127,,,,1
broad,k_sweep,U80,0.5,0.1,0.4,Patch,Patch|k=2|k=5|k=10,73.03494873338518,72.92535427340529,67.48461783828351,65.5504787353537,,,,1
broad,main,Base,0.5,0.15,0.35,Patch,,72.87420968309617,,70.70414206820062,,68.3795637678938,67.54449258939086,2.170067614895544,
broad,k_sweep,Base,0.5,0.15,0.35,k=2,k=2|k=5,72.87420968309617,73.23304958620291,70.70414206820062,69.71318817701174,,,,1
broad,k_sweep,U40,0.5,0.15,0.35,Patch,Patch|k=2|k=5|k=10,74.4125080655615,73.05088185540247,68.28789757429105,67.22829887834202,,,,1
broad,k_sweep,U60,0.5,0.15,0.35,Patch,Patch|k=2|k=5|k=10,73.37678284917368,71.65075527030321,67.53093270300126,65.86840796940785,,,,1
broad,k_sweep,U80,0.5,0.15,0.35,Patch,Patch|k=2|k=5|k=10,71.74378425528887,71.16032620649501,65.91084752076164,63.4663882335711,,,,1
broad,main,Base,0.5,0.2,0.3,Patch,,71.2221075082271,,69.13067732167936,,66.70592029805975,64.81407964152953,2.09143018654774,
broad,k_sweep,Base,0.5,0.2,0.3,k=2,k=2|k=5,71.2221075082271,71.49657693553304,69.13067732167936,68.00796305969884,,,,1
broad,k_sweep,U40,0.5,0.2,0.3,Patch,Patch|k=2|k=5|k=10,72.94376976300346,71.32561483086978,66.48272959905793,65.17954702850346,,,,1
broad,k_sweep,U60,0.5,0.2,0.3,Patch,Patch|k=2|k=5|k=10,72.02817252891512,69.80572053275434,65.8772489015517,63.79683920261443,,,,1
broad,k_sweep,U80,0.5,0.2,0.3,Patch,Patch|k=2|k=5|k=10,70.4526197771926,69.39529813958474,64.33707720323976,61.382297731788476,,,,1
broad,main,Base,0.5,0.25,0.25,Patch,,69.57000533335803,,67.55721257515806,,65.03227682822569,62.08366669366822,2.0127927581999643,
broad,k_sweep,Base,0.5,0.25,0.25,k=2,k=2|k=5,69.57000533335803,69.76010428486317,67.55721257515806,66.30273794238595,,,,1
broad,k_sweep,U40,0.5,0.25,0.25,Patch,Patch|k=2|k=5|k=10,71.4750314604454,69.60034780633711,64.67756162382481,63.130795178664904,,,,1
broad,k_sweep,U60,0.5,0.25,0.25,Patch,Patch|k=2|k=5|k=10,70.67956220865656,67.96068579520545,64.22356510010214,61.72527043582102,,,,1
broad,k_sweep,U80,0.5,0.25,0.25,Patch,Patch|k=2|k=5|k=10,69.16145529909629,67.63027007267446,62.763306885717874,59.29820723000588,,,,1
broad,main,Base,0.5,0.3,0.2,Patch,,67.91790315848895,,65.98374782863675,,63.358633358391636,59.35325374580691,1.934155329852203,
broad,k_sweep,Base,0.5,0.3,0.2,k=2,k=2|k=5,67.91790315848895,68.02363163419331,65.98374782863675,64.59751282507305,,,,1
broad,k_sweep,U40,0.5,0.3,0.2,Patch,Patch|k=2|k=5|k=10,70.00629315788734,67.87508078180444,62.872393648591704,61.08204332882634,,,,1
broad,k_sweep,U60,0.5,0.3,0.2,Patch,Patch|k=2|k=5|k=10,69.33095188839799,66.11565105765656,62.56988129865258,59.65370166902759,,,,1
broad,k_sweep,U80,0.5,0.3,0.2,Patch,Patch|k=2|k=5|k=10,67.87029082100001,65.86524200576419,61.18953656819601,57.21411672822325,,,,1
broad,main,Base,0.5,0.35,0.15,Patch,,66.26580098361988,,64.41028308211547,,61.68498988855759,56.6228407979456,1.8555179015044132,
broad,k_sweep,Base,0.5,0.35,0.15,k=2,k=2|k=5,66.26580098361988,66.28715898352344,64.41028308211547,62.89228770776015,,,,1
broad,k_sweep,U40,0.5,0.35,0.15,Patch,Patch|k=2|k=5|k=10,68.53755485532929,66.14981375727176,61.067225673358585,59.033291478987785,,,,1
broad,k_sweep,U60,0.5,0.35,0.15,Patch,Patch|k=2|k=5|k=10,67.98234156813943,64.27061632010769,60.91619749720305,57.58213290223417,,,,1
broad,k_sweep,U80,0.5,0.35,0.15,Patch,Patch|k=2|k=5|k=10,66.57912634290373,64.10021393885393,59.615766250674135,55.13002622644063,,,,1
broad,main,Base,0.5,0.4,0.1,Patch,,64.61369880875081,,62.83681833559418,,60.01134641872354,53.89242785008428,1.7768804731566306,
broad,k_sweep,Base,0.5,0.4,0.1,Patch,Patch|k=2|k=5,64.61369880875081,64.55068633285357,62.83681833559418,61.187062590447255,,,,1
broad,k_sweep,U40,0.5,0.4,0.1,Patch,Patch|k=2|k=5|k=10,67.06881655277125,64.42454673273907,59.26205769812548,56.98453962914923,,,,1
broad,k_sweep,U60,0.5,0.4,0.1,Patch,Patch|k=2|k=5|k=10,66.63373124788087,62.425581582558806,59.26251369575348,55.51056413544077,,,,1
broad,k_sweep,U80,0.5,0.4,0.1,Patch,Patch|k=2|k=5|k=10,65.28796186480744,62.33518587194365,58.04199593315224,53.04593572465802,,,,1
broad,main,Base,0.5,0.45,0.05,Patch,,62.96159663388175,,61.26335358907289,,58.33770294888948,51.16201490222297,1.698243044808855,
broad,k_sweep,Base,0.5,0.45,0.05,Patch,Patch|k=2|k=5,62.96159663388175,62.81421368218371,61.26335358907289,59.481837473134355,,,,1
broad,k_sweep,U40,0.5,0.45,0.05,Patch,Patch|k=2|k=5|k=10,65.6000782502132,62.699279708206404,57.456889722892356,54.93578777931068,,,,1
broad,k_sweep,U60,0.5,0.45,0.05,Patch,Patch|k=2|k=5|k=10,65.28512092762232,60.58054684500993,57.60882989430393,53.43899536864734,,,,1
broad,k_sweep,U80,0.5,0.45,0.05,Patch,Patch|k=2|k=5|k=10,63.996797386711144,60.57015780503337,56.46822561563038,50.961845222875404,,,,1
broad,main,Base,0.55,0.05,0.4,Patch,,75.64362630095286,,73.18014570824457,,71.04478740093343,72.54632867514931,2.4634805927082937,
broad,k_sweep,Base,0.55,0.05,0.4,k=2,k=2|k=5,75.64362630095286,76.17077591149919,73.18014570824457,72.4220020587425,,,,1
broad,k_sweep,U40,0.55,0.05,0.4,Patch,Patch|k=2|k=5|k=10,76.1799179289096,75.27249761156777,70.64247670809158,69.92063880190004,,,,1
broad,k_sweep,U60,0.55,0.05,0.4,Patch,Patch|k=2|k=5|k=10,74.88903377536253,74.09446101932822,69.54396300627648,68.61052574268255,,,,1
broad,k_sweep,U80,0.55,0.05,0.4,k=2,k=2|k=5|k=10,73.18105210919036,73.4562996329263,67.859755641806,66.2633977076889,,,,1
broad,main,Base,0.55,0.1,0.35,Patch,,73.99152412608377,,71.60668096172326,,69.37114393109937,69.81591572728802,2.384843164360518,
broad,k_sweep,Base,0.55,0.1,0.35,k=2,k=2|k=5,73.99152412608377,74.43430326082931,71.60668096172326,70.71677694142961,,,,1
broad,k_sweep,U40,0.55,0.1,0.35,Patch,Patch|k=2|k=5|k=10,74.71117962635152,73.54723058703509,68.83730873285846,67.87188695206147,,,,1
broad,k_sweep,U60,0.55,0.1,0.35,Patch,Patch|k=2|k=5|k=10,73.54042345510398,72.24942628177932,67.89027920482692,66.53895697588912,,,,1
broad,k_sweep,U80,0.55,0.1,0.35,Patch,Patch|k=2|k=5|k=10,71.88988763109407,71.69127156601603,66.28598532428411,64.17930720590626,,,,1
broad,main,Base,0.55,0.15,0.3,Patch,,72.33942195121473,,70.03321621520199,,67.6975004612653,67.0855027794267,2.3062057360127426,
broad,k_sweep,Base,0.55,0.15,0.3,k=2,k=2|k=5,72.33942195121473,72.69783061015944,70.03321621520199,69.0115518241167,,,,1
broad,k_sweep,U40,0.55,0.15,0.3,Patch,Patch|k=2|k=5|k=10,73.24244132379349,71.8219635625024,67.03214075762534,65.8231351022229,,,,1
broad,k_sweep,U60,0.55,0.15,0.3,Patch,Patch|k=2|k=5|k=10,72.19181313484542,70.40439154423045,66.23659540337738,64.46738820909572,,,,1
broad,k_sweep,U80,0.55,0.15,0.3,Patch,Patch|k=2|k=5|k=10,70.59872315299778,69.92624349910577,64.71221500676224,62.09521670412365,,,,1
broad,main,Base,0.55,0.2,0.25,Patch,,70.68731977634565,,68.45975146868068,,66.02385699143126,64.3550898315654,2.227568307664967,
broad,k_sweep,Base,0.55,0.2,0.25,k=2,k=2|k=5,70.68731977634565,70.96135795948958,68.45975146868068,67.30632670680382,,,,1
broad,k_sweep,U40,0.55,0.2,0.25,Patch,Patch|k=2|k=5|k=10,71.77370302123545,70.09669653796975,65.22697278239222,63.77438325238436,,,,1
broad,k_sweep,U60,0.55,0.2,0.25,Patch,Patch|k=2|k=5|k=10,70.84320281458686,68.55935680668156,64.58291160192782,62.3958194423023,,,,1
broad,k_sweep,U80,0.55,0.2,0.25,Patch,Patch|k=2|k=5|k=10,69.3075586749015,68.1612154321955,63.13844468924037,60.01112620234104,,,,1
broad,main,Base,0.55,0.25,0.2,Patch,,69.03521760147657,,66.88628672215938,,64.35021352159721,61.62467688370409,2.1489308793171915,
broad,k_sweep,Base,0.55,0.25,0.2,k=2,k=2|k=5,69.03521760147657,69.22488530881971,66.88628672215938,65.60110158949091,,,,1
broad,k_sweep,U40,0.55,0.25,0.2,Patch,Patch|k=2|k=5|k=10,70.3049647186774,68.37142951343706,63.421804807159106,61.72563140254581,,,,1
broad,k_sweep,U60,0.55,0.25,0.2,Patch,Patch|k=2|k=5|k=10,69.4945924943283,66.71432206913268,62.92922780047826,60.32425067550887,,,,1
broad,k_sweep,U80,0.55,0.25,0.2,Patch,Patch|k=2|k=5|k=10,68.0163941968052,66.39618736528523,61.56467437171849,57.92703570055843,,,,1
broad,main,Base,0.55,0.3,0.15,Patch,,67.3831154266075,,65.3128219756381,,62.67657005176315,58.894263935842766,2.0702934509694018,
broad,k_sweep,Base,0.55,0.3,0.15,k=2,k=2|k=5,67.3831154266075,67.48841265814984,65.3128219756381,63.895876472178,,,,1
broad,k_sweep,U40,0.55,0.3,0.15,Patch,Patch|k=2|k=5|k=10,68.83622641611935,66.64616248890438,61.616636831926,59.67687955270724,,,,1
broad,k_sweep,U60,0.55,0.3,0.15,Patch,Patch|k=2|k=5|k=10,68.14598217406973,64.8692873315838,61.275543999028706,58.25268190871546,,,,1
broad,k_sweep,U80,0.55,0.3,0.15,Patch,Patch|k=2|k=5|k=10,66.72522971870892,64.63115929837494,59.99090405419662,55.842945198775794,,,,1
broad,main,Base,0.55,0.35,0.1,Patch,,65.73101325173843,,63.73935722911679,,61.0029265819291,56.16385098798145,1.9916560226216404,
broad,k_sweep,Base,0.55,0.35,0.1,k=2,k=2|k=5,65.73101325173843,65.75194000747997,63.73935722911679,62.19065135486511,,,,1
broad,k_sweep,U40,0.55,0.35,0.1,Patch,Patch|k=2|k=5|k=10,67.3674881135613,64.92089546437171,59.811468856692876,57.62812770286869,,,,1
broad,k_sweep,U60,0.55,0.35,0.1,Patch,Patch|k=2|k=5|k=10,66.79737185381117,63.02425259403492,59.621860197579146,56.18111314192203,,,,1
broad,k_sweep,U80,0.55,0.35,0.1,Patch,Patch|k=2|k=5|k=10,65.43406524061263,62.86613123146467,58.41713373667474,53.75885469699319,,,,1
broad,main,Base,0.55,0.4,0.05,Patch,,64.07891107686937,,62.1658924825955,,59.32928311209505,53.433438040120144,1.913018594273872,
broad,k_sweep,Base,0.55,0.4,0.05,Patch,Patch|k=2|k=5,64.07891107686937,64.0154673568101,62.1658924825955,60.48542623755221,,,,1
broad,k_sweep,U40,0.55,0.4,0.05,Patch,Patch|k=2|k=5|k=10,65.89874981100324,63.195628439839034,58.00630088145977,55.57937585303012,,,,1
broad,k_sweep,U60,0.55,0.4,0.05,Patch,Patch|k=2|k=5|k=10,65.44876153355261,61.17921785648605,57.9681763961296,54.109544375128614,,,,1
broad,k_sweep,U80,0.55,0.4,0.05,Patch,Patch|k=2|k=5|k=10,64.14290076251632,61.101103164554395,56.843363419152865,51.67476419521057,,,,1
broad,main,Base,0.6,0.05,0.35,Patch,,75.1088385690714,,72.50921985524587,,70.36272409430492,72.08733886518517,2.599618713825521,
broad,k_sweep,Base,0.6,0.05,0.35,k=2,k=2|k=5,75.1088385690714,75.63555693545571,72.50921985524587,71.72036570584744,,,,1
broad,k_sweep,U40,0.6,0.05,0.35,Patch,Patch|k=2|k=5|k=10,75.00985118714158,74.04357931866771,69.38671989142587,68.51547502578093,,,,1
broad,k_sweep,U60,0.6,0.05,0.35,Patch,Patch|k=2|k=5|k=10,73.70406406103426,72.84809729325544,68.24962570665258,67.2095059823704,,,,1
broad,k_sweep,U80,0.6,0.05,0.35,k=2,k=2|k=5|k=10,72.03599100689924,72.22221692553705,66.6611231278066,64.89222617824143,,,,1
broad,main,Base,0.6,0.1,0.3,Patch,,73.45673639420232,,70.93575510872459,,68.68908062447089,69.35692591732385,2.520981285477731,
broad,k_sweep,Base,0.6,0.1,0.3,k=2,k=2|k=5,73.45673639420232,73.89908428478583,70.93575510872459,70.01514058853455,,,,1
broad,k_sweep,U40,0.6,0.1,0.3,Patch,Patch|k=2|k=5|k=10,73.54111288458353,72.31831229413504,67.58155191619275,66.46672317594236,,,,1
broad,k_sweep,U60,0.6,0.1,0.3,Patch,Patch|k=2|k=5|k=10,72.3554537407757,71.00306255570656,66.59594190520305,65.13793721557698,,,,1
broad,k_sweep,U80,0.6,0.1,0.3,Patch,Patch|k=2|k=5|k=10,70.74482652880296,70.4571888586268,65.08735281028473,62.80813567645881,,,,1
broad,main,Base,0.6,0.15,0.25,Patch,,71.80463421933325,,69.3622903622033,,67.01543715463683,66.62651296946255,2.4423438571299556,
broad,k_sweep,Base,0.6,0.15,0.25,k=2,k=2|k=5,71.80463421933325,72.16261163411595,69.3622903622033,68.30991547122166,,,,1
broad,k_sweep,U40,0.6,0.15,0.25,Patch,Patch|k=2|k=5|k=10,72.07237458202549,70.59304526960237,65.77638394095963,64.41797132610381,,,,1
broad,k_sweep,U60,0.6,0.15,0.25,Patch,Patch|k=2|k=5|k=10,71.00684342051716,69.15802781815769,64.94225810375349,63.06636844878357,,,,1
broad,k_sweep,U80,0.6,0.15,0.25,Patch,Patch|k=2|k=5|k=10,69.45366205070667,68.6921607917165,63.51358249276285,60.7240451746762,,,,1
broad,main,Base,0.6,0.2,0.2,Patch,,70.1525320444642,,67.788825615682,,65.34179368480278,63.896100021601235,2.3637064287821943,
broad,k_sweep,Base,0.6,0.2,0.2,k=2,k=2|k=5,70.1525320444642,70.4261389834461,67.788825615682,66.60469035390877,,,,1
broad,k_sweep,U40,0.6,0.2,0.2,Patch,Patch|k=2|k=5|k=10,70.60363627946744,68.86777824506969,63.971215965726515,62.36921947626525,,,,1
broad,k_sweep,U60,0.6,0.2,0.2,Patch,Patch|k=2|k=5|k=10,69.65823310025858,67.3129930806088,63.288574302303935,60.994799681990145,,,,1
broad,k_sweep,U80,0.6,0.2,0.2,Patch,Patch|k=2|k=5|k=10,68.16249757261038,66.92713272480624,61.939812175240974,58.63995467289357,,,,1
broad,main,Base,0.6,0.25,0.15,Patch,,68.50042986959512,,66.2153608691607,,63.668150214968726,61.16568707373994,2.2850690004344187,
broad,k_sweep,Base,0.6,0.25,0.15,k=2,k=2|k=5,68.50042986959512,68.68966633277623,66.2153608691607,64.89946523659586,,,,1
broad,k_sweep,U40,0.6,0.25,0.15,Patch,Patch|k=2|k=5|k=10,69.13489797690937,67.14251122053702,62.166047990493404,60.3204676264267,,,,1
broad,k_sweep,U60,0.6,0.25,0.15,Patch,Patch|k=2|k=5|k=10,68.30962278000003,65.46795834305992,61.634890500854375,58.92323091519672,,,,1
broad,k_sweep,U80,0.6,0.25,0.15,Patch,Patch|k=2|k=5|k=10,66.87133309451407,65.16210465789597,60.3660418577191,56.55586417111096,,,,1
broad,main,Base,0.6,0.3,0.1,Patch,,66.84832769472605,,64.64189612263941,,61.994506745134665,58.435274125878614,2.206431572086643,
broad,k_sweep,Base,0.6,0.3,0.1,k=2,k=2|k=5,66.84832769472605,66.95319368210636,64.64189612263941,63.19424011928296,,,,1
broad,k_sweep,U40,0.6,0.3,0.1,Patch,Patch|k=2|k=5|k=10,67.66615967435133,65.41724419600433,60.360880015260285,58.27171577658814,,,,1
broad,k_sweep,U60,0.6,0.3,0.1,Patch,Patch|k=2|k=5|k=10,66.96101245974145,63.62292360551104,59.98120669940482,56.8516621484033,,,,1
broad,k_sweep,U80,0.6,0.3,0.1,Patch,Patch|k=2|k=5|k=10,65.5801686164178,63.3970765909857,58.79227154019721,54.47177366932834,,,,1
broad,main,Base,0.6,0.35,0.05,Patch,,65.19622551985698,,63.06843137611812,,60.32086327530061,55.7048611780173,2.1277941437388606,
broad,k_sweep,Base,0.6,0.35,0.05,k=2,k=2|k=5,65.19622551985698,65.21672103143649,63.06843137611812,61.48901500197005,,,,1
broad,k_sweep,U40,0.6,0.35,0.05,Patch,Patch|k=2|k=5|k=10,66.19742137179328,63.691977171471656,58.55571204002717,56.22296392674958,,,,1
broad,k_sweep,U60,0.6,0.35,0.05,Patch,Patch|k=2|k=5|k=10,65.6124021394829,61.77788886796216,58.32752289795528,54.78009338160988,,,,1
broad,k_sweep,U80,0.6,0.35,0.05,Patch,Patch|k=2|k=5|k=10,64.2890041383215,61.63204852407542,57.21850122267534,52.38768316754573,,,,1
broad,main,Base,0.65,0.05,0.3,Patch,,74.57405083718994,,71.8382940022472,,69.68066078767644,71.62834905522102,2.735756834942748,
broad,k_sweep,Base,0.65,0.05,0.3,k=2,k=2|k=5,74.57405083718994,75.10033795941222,71.8382940022472,71.0187293529524,,,,1
broad,k_sweep,U40,0.65,0.05,0.3,Patch,Patch|k=2|k=5|k=10,73.83978444537358,72.81466102576768,68.13096307476016,67.11031124966182,,,,1
broad,k_sweep,U60,0.65,0.05,0.3,Patch,Patch|k=2|k=5|k=10,72.51909434670598,71.60173356718269,66.95528840702872,65.80848622205826,,,,1
broad,k_sweep,U80,0.65,0.05,0.3,k=2,k=2|k=5|k=10,70.89092990460814,70.9881342181478,65.46249061380722,63.521054648793985,,,,1
broad,main,Base,0.65,0.1,0.25,Patch,,72.92194866232089,,70.26482925572593,,68.0070173178424,68.89793610735971,2.6571194065949584,
broad,k_sweep,Base,0.65,0.1,0.25,k=2,k=2|k=5,72.92194866232089,73.36386530874238,70.26482925572593,69.31350423563951,,,,1
broad,k_sweep,U40,0.65,0.1,0.25,Patch,Patch|k=2|k=5|k=10,72.37104614281553,71.089394001235,66.32579509952704,65.06155939982328,,,,1
broad,k_sweep,U60,0.65,0.1,0.25,Patch,Patch|k=2|k=5|k=10,71.17048402644743,69.7566988296338,65.30160460557916,63.73691745526485,,,,1
broad,k_sweep,U80,0.65,0.1,0.25,Patch,Patch|k=2|k=5|k=10,69.59976542651185,69.22310615123754,63.888720296285335,61.436964147011366,,,,1
broad,main,Base,0.65,0.15,0.2,Patch,,71.26984648745182,,68.69136450920462,,66.33337384800835,66.1675231594984,2.578481978247197,
broad,k_sweep,Base,0.65,0.15,0.2,k=2,k=2|k=5,71.26984648745182,71.6273926580725,68.69136450920462,67.60827911832662,,,,1
broad,k_sweep,U40,0.65,0.15,0.2,Patch,Patch|k=2|k=5|k=10,70.90230784025748,69.36412697670232,64.52062712429394,63.01280754998471,,,,1
broad,k_sweep,U60,0.65,0.15,0.2,Patch,Patch|k=2|k=5|k=10,69.82187370618887,67.91166409208492,63.647920804129605,61.66534868847142,,,,1
broad,k_sweep,U80,0.65,0.15,0.2,Patch,Patch|k=2|k=5|k=10,68.30860094841556,67.45807808432727,62.31494997876346,59.35287364522875,,,,1
broad,main,Base,0.65,0.2,0.15,Patch,,69.61774431258276,,67.11789976268332,,64.6597303781743,63.4371102116371,2.4998445498994357,
broad,k_sweep,Base,0.65,0.2,0.15,k=2,k=2|k=5,69.61774431258276,69.89092000740263,67.11789976268332,65.9030540010137,,,,1
broad,k_sweep,U40,0.65,0.2,0.15,Patch,Patch|k=2|k=5|k=10,69.43356953769943,67.63885995216964,62.71545914906082,60.964055700146154,,,,1
broad,k_sweep,U60,0.65,0.2,0.15,Patch,Patch|k=2|k=5|k=10,68.47326338593031,66.06662935453603,61.99423700268005,59.593779921678,,,,1
broad,k_sweep,U80,0.65,0.2,0.15,Patch,Patch|k=2|k=5|k=10,67.01743647031927,65.693050017417,60.74117966124158,57.268783143446136,,,,1
broad,main,Base,0.65,0.25,0.1,Patch,,67.96564213771369,,65.54443501616203,,62.98608690834024,60.70669726377579,2.42120712155166,
broad,k_sweep,Base,0.65,0.25,0.1,k=2,k=2|k=5,67.96564213771369,68.15444735673277,65.54443501616203,64.19782888370082,,,,1
broad,k_sweep,U40,0.65,0.25,0.1,Patch,Patch|k=2|k=5|k=10,67.96483123514138,65.91359292763696,60.910291173827694,58.915303850307595,,,,1
broad,k_sweep,U60,0.65,0.25,0.1,Patch,Patch|k=2|k=5|k=10,67.12465306567174,64.22159461698716,60.340553201230506,57.52221115488459,,,,1
broad,k_sweep,U80,0.65,0.25,0.1,Patch,Patch|k=2|k=5|k=10,65.72627199222298,63.92802195050672,59.167409343719704,55.184692641663524,,,,1
broad,main,Base,0.65,0.3,0.05,Patch,,66.31353996284462,,63.97097026964074,,61.312443438506186,57.976284315914484,2.3425696932038775,
broad,k_sweep,Base,0.65,0.3,0.05,k=2,k=2|k=5,66.31353996284462,66.41797470606288,63.97097026964074,62.49260376638792,,,,1
broad,k_sweep,U40,0.65,0.3,0.05,Patch,Patch|k=2|k=5|k=10,66.49609293258331,64.18832590310429,59.10512319859458,56.866552000469035,,,,1
broad,k_sweep,U60,0.65,0.3,0.05,Patch,Patch|k=2|k=5|k=10,65.77604274541319,62.376559879438275,58.68686939978094,55.45064238809116,,,,1
broad,k_sweep,U80,0.65,0.3,0.05,Patch,Patch|k=2|k=5|k=10,64.43510751412668,62.16299388359644,57.59363902619782,53.10060213988089,,,,1
broad,main,Base,0.7,0.05,0.25,Patch,,74.0392631053085,,71.16736814924853,,68.99859748104797,71.16935924525689,2.869903860051622,
broad,k_sweep,Base,0.7,0.05,0.25,k=2,k=2|k=5,74.0392631053085,74.56511898336875,71.16736814924853,70.31709300005737,,,,1
broad,k_sweep,U40,0.7,0.05,0.25,Patch,Patch|k=2|k=5|k=10,72.66971770360557,71.58574273286762,66.87520625809445,65.70514747354272,,,,1
broad,k_sweep,U60,0.7,0.05,0.25,Patch,Patch|k=2|k=5|k=10,71.33412463237772,70.35536984110992,65.66095110740484,64.40746646174611,,,,1
broad,k_sweep,U80,0.7,0.05,0.25,k=2,k=2|k=5|k=10,69.74586880231703,69.75405151075857,64.2638580998078,62.149883119346526,,,,1
broad,main,Base,0.7,0.1,0.2,Patch,,72.38716093043944,,69.59390340272724,,67.3249540112139,68.43894629739557,2.7932575277122,
broad,k_sweep,Base,0.7,0.1,0.2,k=2,k=2|k=5,72.38716093043944,72.82864633269888,69.59390340272724,68.61186788274445,,,,1
broad,k_sweep,U40,0.7,0.1,0.2,Patch,Patch|k=2|k=5|k=10,71.20097940104752,69.86047570833495,65.07003828286133,63.656395623704164,,,,1
broad,k_sweep,U60,0.7,0.1,0.2,Patch,Patch|k=2|k=5|k=10,69.98551431211915,68.51033510356103,64.0072673059553,62.335897694952685,,,,1
broad,k_sweep,U80,0.7,0.1,0.2,Patch,Patch|k=2|k=5|k=10,68.45470432422074,67.98902344384828,62.690087782285936,60.065792617563915,,,,1
broad,main,Base,0.7,0.15,0.15,Patch,,70.73505875557036,,68.02043865620594,,65.65131054137986,65.70853334953426,2.7146200993644243,
broad,k_sweep,Base,0.7,0.15,0.15,k=2,k=2|k=5,70.73505875557036,71.09217368202901,68.02043865620594,66.90664276543156,,,,1
broad,k_sweep,U40,0.7,0.15,0.15,Patch,Patch|k=2|k=5|k=10,69.73224109848947,68.13520868380226,63.26487030762822,61.6076437738656,,,,1
broad,k_sweep,U60,0.7,0.15,0.15,Patch,Patch|k=2|k=5|k=10,68.63690399186059,66.66530036601216,62.35358350450573,60.26432892815927,,,,1
broad,k_sweep,U80,0.7,0.15,0.15,Patch,Patch|k=2|k=5|k=10,67.16353984612444,66.223995376938,61.11631746476406,57.9817021157813,,,,1
broad,main,Base,0.7,0.2,0.1,Patch,,69.08295658070129,,66.44697390968464,,63.977667071545795,62.978120401672946,2.6359826710166487,
broad,k_sweep,Base,0.7,0.2,0.1,k=2,k=2|k=5,69.08295658070129,69.35570103135915,66.44697390968464,65.20141764811866,,,,1
broad,k_sweep,U40,0.7,0.2,0.1,Patch,Patch|k=2|k=5|k=10,68.26350279593142,66.40994165926958,61.4597023323951,59.55889192402705,,,,1
broad,k_sweep,U60,0.7,0.2,0.1,Patch,Patch|k=2|k=5|k=10,67.28829367160205,64.82026562846328,60.69989970305617,58.19276016136586,,,,1
broad,k_sweep,U80,0.7,0.2,0.1,Patch,Patch|k=2|k=5|k=10,65.87237536802816,64.45896731002775,59.54254714724218,55.897611613998684,,,,1
broad,main,Base,0.7,0.25,0.05,Patch,,67.43085440583222,,64.87350916316336,,62.30402360171175,60.24770745381164,2.557345242668859,
broad,k_sweep,Base,0.7,0.25,0.05,k=2,k=2|k=5,67.43085440583222,67.61922838068928,64.87350916316336,63.496192530805764,,,,1
broad,k_sweep,U40,0.7,0.25,0.05,Patch,Patch|k=2|k=5|k=10,66.79476449337336,64.68467463473691,59.65453435716199,57.51014007418849,,,,1
broad,k_sweep,U60,0.7,0.25,0.05,Patch,Patch|k=2|k=5|k=10,65.93968335134348,62.975230890914396,59.046215901606615,56.121191394572435,,,,1
broad,k_sweep,U80,0.7,0.25,0.05,Patch,Patch|k=2|k=5|k=10,64.58121088993187,62.69393924311746,57.968776829720305,53.81352111221606,,,,1
broad,main,Base,0.75,0.05,0.2,Patch,,73.50447537342706,,70.49644229624987,,68.31653417441947,70.71036943529275,2.794105938134308,
broad,k_sweep,Base,0.75,0.05,0.2,k=2,k=2|k=5,73.50447537342706,74.02990000732528,70.49644229624987,69.61545664716232,,,,1
broad,k_sweep,U40,0.75,0.05,0.2,Patch,Patch|k=2|k=5|k=10,71.49965096183756,70.35682443996757,65.61944944142876,64.29998369742363,,,,1
broad,k_sweep,U60,0.75,0.05,0.2,Patch,Patch|k=2|k=5|k=10,70.14915491804946,69.10900611503716,64.36661380778096,63.00644670143398,,,,1
broad,k_sweep,U80,0.75,0.05,0.2,Patch,Patch|k=2|k=5|k=10,68.60080770002592,68.51996880336931,63.06522558580841,60.77871158989908,,,,1
broad,main,Base,0.75,0.1,0.15,Patch,,71.85237319855798,,68.92297754972856,,66.64289070458543,67.97995648743144,2.929395648829427,
broad,k_sweep,Base,0.75,0.1,0.15,k=2,k=2|k=5,71.85237319855798,72.29342735665541,68.92297754972856,67.91023152984941,,,,1
broad,k_sweep,U40,0.75,0.1,0.15,Patch,Patch|k=2|k=5|k=10,70.03091265927951,68.6315574154349,63.81428146619563,62.25123184758507,,,,1
broad,k_sweep,U60,0.75,0.1,0.15,Patch,Patch|k=2|k=5|k=10,68.80054459779089,67.26397137748828,62.7129300063314,60.934877934640554,,,,1
broad,k_sweep,U80,0.75,0.1,0.15,Patch,Patch|k=2|k=5|k=10,67.30964322192963,66.75494073645905,61.49145526828655,58.69462108811647,,,,1
broad,main,Base,0.75,0.15,0.1,Patch,,70.20027102368893,,67.34951280320728,,64.96924723475138,65.24954353957013,2.8507582204816515,
broad,k_sweep,Base,0.75,0.15,0.1,k=2,k=2|k=5,70.20027102368893,70.55695470598555,67.34951280320728,66.20500641253652,,,,1
broad,k_sweep,U40,0.75,0.15,0.1,Patch,Patch|k=2|k=5|k=10,68.56217435672146,66.90629039090221,62.00911349096251,60.20247999774651,,,,1
broad,k_sweep,U60,0.75,0.15,0.1,Patch,Patch|k=2|k=5|k=10,67.45193427753233,65.41893663993939,61.05924620488185,58.86330916784713,,,,1
broad,k_sweep,U80,0.75,0.15,0.1,Patch,Patch|k=2|k=5|k=10,66.01847874383334,64.98991266954876,59.917684950764674,56.61053058633385,,,,1
broad,main,Base,0.75,0.2,0.05,Patch,,68.54816884881984,,65.77604805668597,,63.295603764917324,62.51913059170881,2.772120792133876,
broad,k_sweep,Base,0.75,0.2,0.05,k=2,k=2|k=5,68.54816884881984,68.82048205531568,65.77604805668597,64.49978129522363,,,,1
broad,k_sweep,U40,0.75,0.2,0.05,Patch,Patch|k=2|k=5|k=10,67.0934360541634,65.18102336636953,60.2039455157294,58.15372814790794,,,,1
broad,k_sweep,U60,0.75,0.2,0.05,Patch,Patch|k=2|k=5|k=10,66.10332395727376,63.57390190239051,59.4055624034323,56.791740401053715,,,,1
broad,k_sweep,U80,0.75,0.2,0.05,Patch,Patch|k=2|k=5|k=10,64.72731426573705,63.2248846026385,58.343914633242804,54.52644008455123,,,,1
broad,main,Base,0.8,0.05,0.15,Patch,,72.9696876415456,,69.82551644325119,,67.634470867791,70.2513796253286,2.7183080162170086,
broad,k_sweep,Base,0.8,0.05,0.15,k=2,k=2|k=5,72.9696876415456,73.49468103128181,69.82551644325119,68.91382029426727,,,,1
broad,k_sweep,U40,0.8,0.05,0.15,Patch,Patch|k=2|k=5|k=10,70.32958422006955,69.12790614706752,64.36369262476303,62.89481992130453,,,,1
broad,k_sweep,U60,0.8,0.05,0.15,Patch,Patch|k=2|k=5|k=10,68.96418520372119,67.8626423889644,63.07227650815708,61.605426941121834,,,,1
broad,k_sweep,U80,0.8,0.05,0.15,Patch,Patch|k=2|k=5|k=10,67.4557465977348,67.28588609598006,61.86659307180904,59.40754006045162,,,,1
broad,main,Base,0.8,0.1,0.1,Patch,,71.31758546667656,,68.2520516967299,,65.96082739795695,67.52096667746729,3.0655337699466685,
broad,k_sweep,Base,0.8,0.1,0.1,k=2,k=2|k=5,71.31758546667656,71.75820838061193,68.2520516967299,67.20859517695438,,,,1
broad,k_sweep,U40,0.8,0.1,0.1,Patch,Patch|k=2|k=5|k=10,68.8608459175115,67.40263912253484,62.558524649529936,60.846068071465965,,,,1
broad,k_sweep,U60,0.8,0.1,0.1,Patch,Patch|k=2|k=5|k=10,67.61557488346263,66.01760765141552,61.41859270670753,59.5338581743284,,,,1
broad,k_sweep,U80,0.8,0.1,0.1,Patch,Patch|k=2|k=5|k=10,66.16458211963852,65.52085802906979,60.29282275428716,57.32344955866901,,,,1
broad,main,Base,0.8,0.15,0.05,Patch,,69.66548329180748,,66.67858695020861,,64.28718392812289,64.79055372960597,2.9868963415988645,
broad,k_sweep,Base,0.8,0.15,0.05,k=2,k=2|k=5,69.66548329180748,70.02173572994207,66.67858695020861,65.50337005964148,,,,1
broad,k_sweep,U40,0.8,0.15,0.05,Patch,Patch|k=2|k=5|k=10,67.39210761495345,65.67737209800217,60.75335667429681,58.797316221627405,,,,1
broad,k_sweep,U60,0.8,0.15,0.05,Patch,Patch|k=2|k=5|k=10,66.26696456320406,64.17257291386663,59.764908905257975,57.46228940753499,,,,1
broad,k_sweep,U80,0.8,0.15,0.05,Patch,Patch|k=2|k=5|k=10,64.87341764154223,63.75582996215952,58.71905243676528,55.23935905688641,,,,1
broad,main,Base,0.85,0.05,0.1,Patch,,72.43489990966417,,69.15459059025251,,66.9524075611625,69.79238981536444,2.6425100942997233,
broad,k_sweep,Base,0.85,0.05,0.1,k=2,k=2|k=5,72.43489990966417,72.95946205523833,69.15459059025251,68.21218394137223,,,,1
broad,k_sweep,U40,0.85,0.05,0.1,Patch,Patch|k=2|k=5|k=10,69.15951747830154,67.89898785416746,63.10793580809733,61.48965614518542,,,,1
broad,k_sweep,U60,0.85,0.05,0.1,Patch,Patch|k=2|k=5|k=10,67.77921548939291,66.61627866289163,61.777939208533205,60.204407180809675,,,,1
broad,k_sweep,U80,0.85,0.05,0.1,Patch,Patch|k=2|k=5|k=10,66.3106854954437,66.05180338859081,60.667960557809636,58.03636853100417,,,,1
broad,main,Base,0.85,0.1,0.05,Patch,,70.7827977347951,,67.58112584373121,,65.27876409132845,67.06197686750313,3.2016718910638815,
broad,k_sweep,Base,0.85,0.1,0.05,k=2,k=2|k=5,70.7827977347951,71.22298940456847,67.58112584373121,66.50695882405934,,,,1
broad,k_sweep,U40,0.85,0.1,0.05,Patch,Patch|k=2|k=5|k=10,67.69077917574347,66.1737208296348,61.30276783286422,59.440904295346854,,,,1
broad,k_sweep,U60,0.85,0.1,0.05,Patch,Patch|k=2|k=5|k=10,66.43060516913435,64.77124392534274,60.12425540708364,58.13283841401627,,,,1
broad,k_sweep,U80,0.85,0.1,0.05,Patch,Patch|k=2|k=5|k=10,65.01952101734742,64.28677532168054,59.09419024028776,55.95227802922156,,,,1
broad,main,Base,0.9,0.05,0.05,Patch,,71.90011217778272,,68.48366473725383,,66.27034425453404,69.3334000054003,2.5667121723824096,
broad,k_sweep,Base,0.9,0.05,0.05,k=2,k=2|k=5,71.90011217778272,72.42424307919487,68.48366473725383,67.5105475884772,,,,1
broad,k_sweep,U40,0.9,0.05,0.05,Patch,Patch|k=2|k=5|k=10,67.98945073653353,66.67006956126743,61.85217899143163,60.08449236906632,,,,1
broad,k_sweep,U60,0.9,0.05,0.05,Patch,Patch|k=2|k=5|k=10,66.59424577506464,65.36991493681886,60.48360190890932,58.803387420497536,,,,1
broad,k_sweep,U80,0.9,0.05,0.05,Patch,Patch|k=2|k=5|k=10,65.1656243931526,64.81772068120156,59.469328043810236,56.66519700155673,,,,1
