model,method,workload,updates_per_scenario,prefill_tps,decode_tps,composite,quiz_esm,final_state_f1,update_f1,cache_reuse_ratio,generation_errors,full_test_composite,all_turns,all_logical_prefill_tokens_total,all_logical_prefill_tokens_mean,all_evaluated_prefill_tokens_total,all_evaluated_prefill_tokens_mean,all_decode_tokens_total,all_decode_tokens_mean,all_cache_on_prefill_seconds_total,all_cache_on_prefill_seconds_mean,all_cache_on_prefill_seconds_p95,all_cache_off_prefill_seconds_total,all_cache_off_prefill_seconds_mean,all_cache_off_prefill_seconds_p95,all_decode_seconds_total,all_decode_seconds_mean,all_decode_seconds_p95,all_projected_latency_seconds_total,all_projected_latency_seconds_mean,all_projected_latency_seconds_p95,all_cache_off_projected_latency_seconds_total,all_cache_off_projected_latency_seconds_mean,all_cache_off_projected_latency_seconds_p95,update_turns,update_logical_prefill_tokens_total,update_logical_prefill_tokens_mean,update_evaluated_prefill_tokens_total,update_evaluated_prefill_tokens_mean,update_decode_tokens_total,update_decode_tokens_mean,update_cache_on_prefill_seconds_total,update_cache_on_prefill_seconds_mean,update_cache_on_prefill_seconds_p95,update_cache_off_prefill_seconds_total,update_cache_off_prefill_seconds_mean,update_cache_off_prefill_seconds_p95,update_decode_seconds_total,update_decode_seconds_mean,update_decode_seconds_p95,update_projected_latency_seconds_total,update_projected_latency_seconds_mean,update_projected_latency_seconds_p95,update_cache_off_projected_latency_seconds_total,update_cache_off_projected_latency_seconds_mean,update_cache_off_projected_latency_seconds_p95,noop_turns,noop_logical_prefill_tokens_total,noop_logical_prefill_tokens_mean,noop_evaluated_prefill_tokens_total,noop_evaluated_prefill_tokens_mean,noop_decode_tokens_total,noop_decode_tokens_mean,noop_cache_on_prefill_seconds_total,noop_cache_on_prefill_seconds_mean,noop_cache_on_prefill_seconds_p95,noop_cache_off_prefill_seconds_total,noop_cache_off_prefill_seconds_mean,noop_cache_off_prefill_seconds_p95,noop_decode_seconds_total,noop_decode_seconds_mean,noop_decode_seconds_p95,noop_projected_latency_seconds_total,noop_projected_latency_seconds_mean,noop_projected_latency_seconds_p95,noop_cache_off_projected_latency_seconds_total,noop_cache_off_projected_latency_seconds_mean,noop_cache_off_projected_latency_seconds_p95,post_update_turns,post_update_logical_prefill_tokens_total,post_update_logical_prefill_tokens_mean,post_update_evaluated_prefill_tokens_total,post_update_evaluated_prefill_tokens_mean,post_update_decode_tokens_total,post_update_decode_tokens_mean,post_update_cache_on_prefill_seconds_total,post_update_cache_on_prefill_seconds_mean,post_update_cache_on_prefill_seconds_p95,post_update_cache_off_prefill_seconds_total,post_update_cache_off_prefill_seconds_mean,post_update_cache_off_prefill_seconds_p95,post_update_decode_seconds_total,post_update_decode_seconds_mean,post_update_decode_seconds_p95,post_update_projected_latency_seconds_total,post_update_projected_latency_seconds_mean,post_update_projected_latency_seconds_p95,post_update_cache_off_projected_latency_seconds_total,post_update_cache_off_projected_latency_seconds_mean,post_update_cache_off_projected_latency_seconds_p95,update_cycle_cycles,update_cycle_update_decode_tokens_total,update_cycle_update_decode_tokens_mean,update_cycle_update_decode_seconds_total,update_cycle_update_decode_seconds_mean,update_cycle_update_decode_seconds_p95,update_cycle_post_update_logical_prefill_tokens_total,update_cycle_post_update_logical_prefill_tokens_mean,update_cycle_post_update_evaluated_prefill_tokens_total,update_cycle_post_update_evaluated_prefill_tokens_mean,update_cycle_post_update_cache_off_prefill_seconds_total,update_cycle_post_update_cache_off_prefill_seconds_mean,update_cycle_post_update_cache_off_prefill_seconds_p95,update_cycle_post_update_cache_on_prefill_seconds_total,update_cycle_post_update_cache_on_prefill_seconds_mean,update_cycle_post_update_cache_on_prefill_seconds_p95,update_cycle_cache_off_seconds_total,update_cycle_cache_off_seconds_mean,update_cycle_cache_off_seconds_p95,update_cycle_cache_on_seconds_total,update_cycle_cache_on_seconds_mean,update_cycle_cache_on_seconds_p95
Granite 350M,Patch,base,13.4,137.7,51.8,45.808946625318306,49.5,26.205698005698007,63.716814159292035,0.7957441809387115,0,59.623187030888694,402,195779.0,487.0124378109453,39989.0,99.47512437810946,6428.0,15.990049751243781,290.40668119099485,0.7224046795795894,2.0261437908496718,1421.779230210602,3.536764254255231,4.451706608569354,124.09266409266351,0.3086882191359803,1.6795366795366797,414.49934528365924,1.0310928987155696,2.529079499667735,1545.8718943032673,3.8454524733912114,4.907326794581696,67,28749.0,429.089552238806,4702.0,70.17910447761194,3454.0,51.55223880597015,34.14669571532316,0.5096521748555697,0.5766158315177923,208.77995642701532,3.116118752642019,4.41684822076979,66.67953667953672,0.9952169653662192,1.9884169884169884,100.82623239485987,1.5048691402217889,2.5374365962601253,275.45949310655203,4.111335718008238,5.948547987763674,335,167030.0,498.5970149253731,35287.0,105.33432835820895,2974.0,8.877611940298507,256.2599854756717,0.7649551805243934,2.222222222222223,1212.9992737835864,3.6208933545778734,4.451706608569354,57.41312741312782,0.17138246988993258,0.13513513513513514,313.67311288879904,0.9363376504143259,2.4500522931895494,1270.4124011967149,3.792275824467806,4.601366071954308,67,30713.0,458.4029850746269,14987.0,223.6865671641791,469.0,7.0,108.83805374001456,1.624448563283799,3.0464778503994188,223.04284676833694,3.3289977129602533,4.449527959331881,9.054054054054053,0.13513513513513514,0.13513513513513514,117.89210779406854,1.7595836984189341,3.181612985534554,232.09690082239106,3.4641328480953884,4.584663094467016,67,3454.0,51.55223880597015,66.67953667953672,0.9952169653662192,1.9884169884169884,30713.0,458.4029850746269,14987.0,223.6865671641791,223.04284676833694,3.3289977129602533,4.449527959331881,108.83805374001456,1.624448563283799,3.0464778503994188,289.72238344787365,4.324214678326473,6.074744211999114,175.51759041955125,2.6196655286500183,4.382905314277863
Granite 350M,Patch,20,20,137.7,51.8,52.57423264156114,47.5,50.87320175268526,75.70621468926552,0.7861691526796002,0,59.623187030888694,435,256904.0,590.583908045977,54934.0,126.28505747126437,8828.0,20.29425287356322,398.9397240377633,0.9171028138799155,3.122004357298474,1865.6790123456792,4.288917269760182,6.007988380537401,170.42471042470956,0.39178094350508147,1.7432432432432425,569.3644344624737,1.308883757384997,3.4351802783175316,2036.1037227703898,4.680698213265264,6.416175278920374,100,53362.0,533.62,8857.0,88.57,5983.0,59.83,64.32098765432096,0.6432098765432099,1.4825708061002176,387.523602033406,3.87523602033406,5.758896151053015,115.50193050193046,1.1550193050193052,1.9314671814671815,179.8229181562515,1.798229181562515,3.0768499592029,503.02553253533637,5.030255325353365,7.325489354901121,335,203542.0,607.5880597014925,46077.0,137.54328358208954,2845.0,8.492537313432836,334.61873638344224,0.9988618996520665,3.4524328249818463,1478.155410312273,4.412404209887383,6.034858387799565,54.9227799227803,0.1639485967844177,0.13513513513513514,389.54151630622226,1.1628104964364843,3.5875679601169814,1533.078190235052,4.5763528066718,6.172172172172172,100,56417.0,564.17,29902.0,299.02,1340.0,13.4,217.15323166303565,2.171532316630356,4.608569353667392,409.7095134350038,4.097095134350036,5.853304284676835,25.868725868725928,0.2586872586872587,1.6216216216216217,243.02195753176156,2.4302195753176146,4.96232997703586,435.57823930372956,4.355782393037296,6.170356631140945,100,5983.0,59.83,115.50193050193046,1.1550193050193052,1.9314671814671815,56417.0,564.17,29902.0,299.02,409.7095134350038,4.097095134350036,5.853304284676835,217.15323166303565,2.171532316630356,4.608569353667392,525.2114439369343,5.2521144393693415,7.569706260882732,332.6551621649662,3.326551621649661,5.952586339841242
Granite 350M,Patch,40,40,137.7,51.8,53.34570024718124,44.0,57.55808188760134,83.70786516853933,0.7319598280707555,11,59.623187030888694,535,483920.0,904.5233644859813,129710.0,242.44859813084113,16531.0,30.89906542056075,941.9753086419762,1.7607015114803277,7.2483660130718945,3514.306463326071,6.568797127712283,10.352941176470589,319.1312741312747,0.5965070544509797,1.67953667953668,1261.1065827732484,2.3572085659313076,7.530923079942676,3833.4377374573455,7.165304182163263,10.866228974072113,200,169594.0,847.97,27443.0,137.215,13882.0,69.41,199.2955700798837,0.996477850399419,3.430283224400856,1231.6194625998548,6.158097312999274,9.94480755265069,267.992277992278,1.33996138996139,1.7770270270270268,467.28784807216215,2.336439240360809,4.987913683992097,1499.611740592134,7.498058702960664,11.563360279046556,335,314326.0,938.2865671641791,102267.0,305.2746268656716,2649.0,7.907462686567164,742.6797385620908,2.21695444346893,8.005083514887438,2282.6870007262173,6.81399104694393,10.445170660856936,51.138996138996525,0.15265371981789894,0.13513513513513514,793.8187347010879,2.369608163286829,8.23497026438203,2333.8259968652137,6.966644766761829,10.580305795992071,200,176075.0,880.375,104647.0,523.235,3592.0,17.96,759.9636891793751,3.799818445896878,8.70878721859114,1278.6855482933918,6.393427741466958,10.183732752360203,69.34362934362947,0.3467181467181467,1.6245173745173738,829.3073185230047,4.146536592615024,8.875149659463384,1348.0291776370202,6.740145888185104,10.557429978998607,200,13882.0,69.41,267.992277992278,1.33996138996139,1.7770270270270268,176075.0,880.375,104647.0,523.235,1278.6855482933918,6.393427741466958,10.183732752360203,759.9636891793751,3.799818445896878,8.70878721859114,1546.677826285669,7.733389131428348,11.784118852746303,1027.9559671716531,5.139779835858268,10.274424284228207
Granite 350M,Patch,60,60,137.7,51.8,54.53761787847332,39.0,73.1859855325849,85.60747663551402,0.6744368127438651,54,59.623187030888694,635,775275.0,1220.9055118110236,252401.0,397.4818897637795,24193.0,38.0992125984252,1832.9774872912064,2.8865787201436426,11.381989832970222,5630.174291938985,8.86641620777795,14.649963689179376,467.046332046334,0.7355060347186332,1.7374517374517375,2300.023819337546,3.6220847548622754,11.517124968105358,6097.220623985332,9.601922242496583,15.42925278219396,300,349941.0,1166.47,59395.0,197.98333333333332,21544.0,71.81333333333333,431.33623819898526,1.4377874606632777,7.409586056644882,2541.32897603486,8.471096586782862,14.315904139433552,415.90733590733527,1.3863577863577863,1.776061776061776,847.2435741063185,2.824145247021064,8.466652927437243,2957.2363119421957,9.857454373140648,15.921703916801958,335,425334.0,1269.6537313432837,193006.0,576.1373134328359,2649.0,7.907462686567164,1401.641249092229,4.184003728633521,12.742919389978216,3088.84531590414,9.220433778818327,14.890341321713873,51.138996138996525,0.15265371981789894,0.13513513513513514,1452.7802452312258,4.33665744845142,12.878054525113352,3139.9843120431387,9.373087498636226,15.025476456849006,300,359834.0,1199.4466666666667,227365.0,757.8833333333333,6250.0,20.833333333333332,1651.1619462599856,5.503873154199952,12.847494553376908,2613.1735657225863,8.710578552408618,14.553376906318084,120.65637065637004,0.4021879021879022,1.6611969111969116,1771.8183169163547,5.906061056387855,13.224459753871521,2733.8299363789574,9.112766454596521,14.733018733018735,300,21544.0,71.81333333333333,415.90733590733527,1.3863577863577863,1.776061776061776,359834.0,1199.4466666666667,227365.0,757.8833333333333,2613.1735657225863,8.710578552408618,14.553376906318084,1651.1619462599856,5.503873154199952,12.847494553376908,3029.080901629924,10.096936338766405,16.11887167279324,2067.0692821673215,6.890230940557738,14.414105982733435
Granite 350M,Patch,80,80,137.7,51.8,50.13038874929501,39.0,60.55791863354367,77.27272727272727,0.6262080025773081,95,59.623187030888694,735,1129861.0,1537.225850340136,422333.0,574.6027210884354,32524.0,44.25034013605442,3067.0515613652988,4.1728592671636555,15.57443718228032,8205.236020334049,11.163586422223212,19.053013798111838,627.8764478764467,0.8542536705802012,1.776061776061776,3694.9280092417484,5.0271129377438575,15.825766943414,8833.1124682105,12.017840092803413,19.951469676959874,400,594063.0,1485.1575,98061.0,245.1525,29858.0,74.645,712.1350762527265,1.7803376906318085,9.319535221495997,4314.183006535948,10.78545751633987,18.73129992737836,576.4092664092655,1.441023166023166,1.776061776061776,1288.5443426619847,3.2213608566549743,10.17674817674815,4890.592272945211,12.226480682363036,20.297911356734886,335,535798.0,1599.3970149253732,324272.0,967.9761194029851,2666.0,7.95820895522388,2354.9164851125656,7.029601448097205,17.323166303558462,3891.0530137981127,11.615083623277947,19.305737109658683,51.46718146718185,0.15363337751397455,0.13513513513513514,2406.3836665797453,7.18323482561118,17.4583014386936,3942.520195265293,11.768717000791922,19.440872244793816,400,607385.0,1518.4625,397222.0,993.055,8625.0,21.5625,2884.6913580246933,7.211728395061729,17.015976761074803,4410.929557007988,11.027323892519972,19.02069716775599,166.50579150579063,0.41626447876447875,1.7374517374517375,3051.197149530484,7.627992873826208,17.173893781736915,4577.435348513779,11.44358837128445,19.155832302891127,400,29858.0,74.645,576.4092664092655,1.441023166023166,1.776061776061776,607385.0,1518.4625,397222.0,993.055,4410.929557007988,11.027323892519972,19.02069716775599,2884.6913580246933,7.211728395061729,17.015976761074803,4987.338823417262,12.468347058543138,20.5847668396688,3461.1006244339565,8.652751561084894,18.587308597112514
Granite 350M,Summary,base,13.4,137.7,51.8,42.5492944637195,46.0,23.90932738758826,59.813084112149525,0.7858013979401605,0,55.27569841079604,402,186131.0,463.0124378109453,39869.0,99.17661691542288,11324.0,28.16915422885572,289.5352214960057,0.7202368693930493,2.0261437908496718,1351.7138707334784,3.36247231525741,4.277414669571533,218.6100386100373,0.543806066194126,3.8803088803088803,508.14526010604493,1.2640429355871752,4.409357536808517,1570.3239093435163,3.9062783814515356,6.223809243417087,67,27141.0,405.089552238806,4702.0,70.17910447761194,8063.0,120.34328358208955,34.14669571532316,0.5096521748555697,0.5766158315177923,197.1023965141612,2.9418268136441976,4.242556281771969,155.65637065637054,2.3232294127816515,8.110038610038607,189.8030663716938,2.8328815876372215,8.582079278157709,352.758767170532,5.265056226425849,12.04831021497688,335,158990.0,474.5970149253731,35167.0,104.97611940298508,3261.0,9.734328358208955,255.38852578068258,0.7623538083005452,2.222222222222223,1154.6114742193183,3.446601415580052,4.277414669571533,62.953667953668365,0.18792139687662077,0.13513513513513514,318.34219373435053,0.950275205177166,2.640581758228817,1217.5651421729845,3.6345228124566726,4.419811968831577,67,29105.0,434.4029850746269,14987.0,223.6865671641791,469.0,7.0,108.83805374001456,1.624448563283799,3.0464778503994188,211.3652868554829,3.1547057739624322,4.27523602033406,9.054054054054053,0.13513513513513514,0.13513513513513514,117.89210779406854,1.7595836984189341,3.181612985534554,220.41934090953697,3.2898409090975673,4.410371155469195,67,8063.0,120.34328358208955,155.65637065637054,2.3232294127816515,8.110038610038607,29105.0,434.4029850746269,14987.0,223.6865671641791,211.3652868554829,3.1547057739624322,4.27523602033406,108.83805374001456,1.624448563283799,3.0464778503994188,367.0216575118537,5.477935186744084,12.274889735674048,264.4944243963852,3.947677976065451,10.230924201512437
Granite 350M,Summary,20,20,137.7,51.8,46.15283019435149,40.5,44.297548322316125,71.8562874251497,0.7775983510776422,0,55.27569841079604,435,246464.0,566.583908045977,54814.0,126.00919540229886,24569.0,56.48045977011494,398.0682643427742,0.915099458259251,3.122004357298474,1789.8620188816276,4.114625330762361,5.833696441539579,474.30501930502214,1.0903563662184352,9.250965250965248,872.3732836477933,2.005455824477686,9.775293500783693,2264.167038186648,5.204981696980796,13.616978322860671,100,50962.0,509.62,8857.0,88.57,21555.0,215.55,64.32098765432096,0.6432098765432099,1.4825708061002176,370.0944081336238,3.7009440813362384,5.5846042120551935,416.11969111969137,4.161196911196911,12.007722007722009,480.4406787740123,4.804406787740121,12.964739950034069,786.214099253315,7.86214099253315,17.472863619922443,335,195502.0,583.5880597014925,45957.0,137.18507462686568,3014.0,8.997014925373135,333.7472766884531,0.9962605274282185,3.4524328249818463,1419.7676107480038,4.2381122708895616,5.860566448801744,58.18532818532859,0.17368754682187518,0.13513513513513514,391.9326048737815,1.1699480742500936,3.6943217727531463,1477.9529389333313,4.411799817711437,6.002963748061788,100,54017.0,540.17,29902.0,299.02,3375.0,33.75,217.15323166303565,2.171532316630356,4.608569353667392,392.2803195352214,3.9228031953522153,5.679012345679013,65.15444015444022,0.6515444015444016,3.7249034749034684,282.3076718174758,2.8230767181747574,5.231660932641318,457.4347596896617,4.574347596896617,6.154681992917279,100,21555.0,215.55,416.11969111969137,4.161196911196911,12.007722007722009,54017.0,540.17,29902.0,299.02,392.2803195352214,3.9228031953522153,5.679012345679013,217.15323166303565,2.171532316630356,4.608569353667392,808.4000106549126,8.084000106549126,17.679835297482356,633.2729227827267,6.332729227827268,15.712598452794532
Granite 350M,Summary,40,40,137.7,51.8,50.112688720633024,43.0,55.845004083810046,69.00958466453673,0.7249087203871953,66,55.27569841079604,535,471080.0,880.5233644859813,129590.0,242.22429906542055,83704.0,156.45607476635513,941.103848946987,1.75907261485418,7.2483660130718945,3421.0602759622375,6.3945051887144615,10.178649237472767,1615.907335907345,3.02038754375203,14.826254826254825,2557.011184854324,4.77946015860621,15.36365497149811,5036.967611869571,9.414892732466491,23.721679662856133,200,164794.0,823.97,27443.0,137.215,80307.0,401.535,199.2955700798837,0.996477850399419,3.430283224400856,1196.7610748002903,5.983805374001453,9.770515613652869,1550.3281853281876,7.751640926640927,14.826254826254825,1749.6237554080687,8.748118777040347,15.364018079704355,2747.089260128476,13.73544630064238,24.596770439907697,335,306286.0,914.2865671641791,102147.0,304.91641791044776,3397.0,10.140298507462687,741.8082788671018,2.214353071245082,8.005083514887438,2224.299201161946,6.639699107946109,10.270878721859114,65.5791505791509,0.1957586584452256,0.13513513513513514,807.3874294462531,2.4101117296903074,8.302164910008049,2289.8783517410975,6.835457766391334,10.41327602111916,200,171275.0,856.375,104647.0,523.235,11550.0,57.75,759.9636891793751,3.799818445896878,8.70878721859114,1243.8271604938277,6.219135802469136,10.009440813362382,222.9729729729724,1.114864864864865,8.206563706563692,982.9366621523485,4.914683310761743,9.88005232122875,1466.8001334668,7.334000667334001,12.210194788626142,200,80307.0,401.535,1550.3281853281876,7.751640926640927,14.826254826254825,171275.0,856.375,104647.0,523.235,1243.8271604938277,6.219135802469136,10.009440813362382,759.9636891793751,3.799818445896878,8.70878721859114,2794.1553458220124,13.970776729110064,24.835695639617207,2310.2918745075617,11.551459372537805,23.53504204484597
Granite 350M,Summary,60,60,137.7,51.8,37.14727136842721,32.5,37.93992079590457,54.41527446300716,0.6680666021959515,141,55.27569841079604,635,760035.0,1196.9055118110236,252281.0,397.29291338582675,142335.0,224.1496062992126,1832.1060275962172,2.8852063426712187,11.381989832970222,5519.498910675395,8.692124268780129,14.475671750181554,2747.7799227799132,4.327212476818776,14.826254826254825,4579.885950376152,7.2124188194899945,15.36365497149811,8267.278833455312,13.019336745598904,28.142158965688377,300,342741.0,1142.47,59395.0,197.98333333333332,138608.0,462.02666666666664,431.33623819898526,1.4377874606632777,7.409586056644882,2489.041394335512,8.296804647785041,14.141612200435732,2675.8301158301115,8.91943371943372,14.826254826254827,3107.166354029098,10.357221180096998,18.373095784860492,5164.871510165628,17.21623836721876,28.967867026690556,335,417294.0,1245.6537313432837,192886.0,575.7791044776119,3727.0,11.125373134328358,1400.7697893972397,4.181402356409673,12.742919389978216,3030.457516339867,9.046141839820505,14.71604938271605,71.94980694980694,0.2147755431337521,0.13513513513513514,1472.7195963470472,4.396177899543425,12.976819957212115,3102.4073232896776,9.260917382954258,14.915817778562879,300,352634.0,1175.4466666666667,227365.0,757.8833333333333,27974.0,93.24666666666667,1651.1619462599856,5.503873154199952,12.847494553376908,2560.8859840232376,8.536286613410796,14.379084967320264,540.0386100386127,1.8001287001287003,14.826254826254827,2191.2005562985955,7.304001854328653,18.501636089871404,3100.92459406185,10.336415313539497,23.370554027416773,300,138608.0,462.02666666666664,2675.8301158301115,8.91943371943372,14.826254826254827,352634.0,1175.4466666666667,227365.0,757.8833333333333,2560.8859840232376,8.536286613410796,14.379084967320264,1651.1619462599856,5.503873154199952,12.847494553376908,5236.716099853356,17.455720332844518,29.20533979357509,4326.992062090102,14.423306873633672,27.67374937963173
Granite 350M,Summary,80,80,137.7,51.8,36.709523339010424,38.0,30.5599683560417,41.79687500000001,0.6203874949313131,207,55.27569841079604,735,1112221.0,1513.225850340136,422213.0,574.439455782313,205212.0,279.2,3066.18010167031,4.171673607714691,15.57443718228032,8077.131445170664,10.98929448322539,18.878721859114016,3961.6216216215776,5.38996138996139,14.826254826254825,7027.801723291951,9.561634997676082,17.600639855541818,12038.753066792275,16.37925587318678,32.44136012763464,400,584463.0,1461.1575,98061.0,245.1525,201548.0,503.87,712.1350762527265,1.7803376906318085,9.319535221495997,4244.46623093682,10.61116557734205,18.557007988380537,3890.8880308880057,9.727220077220078,14.826254826254827,4603.023107140758,11.507557767851885,17.98780993879031,8135.354261824857,20.338385654562128,33.26997305428678,335,527758.0,1575.3970149253732,324152.0,967.6179104477612,3664.0,10.93731343283582,2354.045025417577,7.0270000758733575,17.323166303558462,3832.6652142338385,11.440791684280125,19.13144517066086,70.7335907335908,0.2111450469659425,0.13513513513513514,2424.778616151166,7.2381451228393,17.4583014386936,3903.3988049674363,11.651936731246069,19.266580305795998,400,597785.0,1494.4625,397222.0,993.055,34904.0,87.26,2884.6913580246933,7.211728395061729,17.015976761074803,4341.212781408858,10.85303195352215,18.846405228758172,673.8223938223936,1.6845559845559845,14.826254826254827,3558.513751847084,8.896284379617713,18.976039765255454,5015.0351752312545,12.537587938078136,24.267794405049262,400,201548.0,503.87,3890.8880308880057,9.727220077220078,14.826254826254827,597785.0,1494.4625,397222.0,993.055,4341.212781408858,10.85303195352215,18.846405228758172,2884.6913580246933,7.211728395061729,17.015976761074803,8232.100812296892,20.58025203074223,33.505993388346326,6775.579388912726,16.938948472281808,31.84150537091714
Granite 350M,k=2,base,13.4,137.7,51.8,50.707104964001516,56.99999999999999,25.028419856006064,68.33333333333333,0.8307838489213973,0,63.21852218690689,402,202067.0,502.6542288557214,34193.0,85.05721393034825,6931.0,17.241293532338307,248.3151779230203,0.6176994475697042,1.4015976761074802,1467.443718228033,3.6503575080299306,5.134350036310821,133.80308880308806,0.33284350448529554,1.7171814671814671,382.1182667261098,0.9505429520549997,2.327621739386445,1601.24680703112,3.983201012515226,5.342106812695048,67,28537.0,425.92537313432837,3965.0,59.17910447761194,3872.0,57.791044776119406,28.794480755265077,0.4297683694815682,0.49673202614379086,207.24037763253452,3.093139964664694,4.437908496732026,74.74903474903476,1.11565723506022,1.99034749034749,103.54351550429982,1.5454256045417885,2.4551259943416808,281.9894123815693,4.2087971997249145,6.220308543837956,335,173530.0,518.0,30228.0,90.23283582089552,3059.0,9.131343283582089,219.52069716775551,0.6552856631873314,1.4320987654320991,1260.2033405954985,3.761801016702978,5.14887436456064,59.05405405405446,0.17628075837031063,0.13513513513513514,278.57475122180995,0.8315664215576419,2.1052817523405762,1319.257394649551,3.938081775073288,5.293450313058156,67,30974.0,462.2985074626866,12886.0,192.32835820895522,469.0,7.0,93.58024691358023,1.396720103187765,2.8061002178649237,224.9382716049383,3.3572876358946013,4.890341321713871,9.054054054054053,0.13513513513513514,0.13513513513513514,102.63430096763432,1.5318552383229,2.941235353000059,233.99232565899234,3.4924227710297364,5.025476456849006,67,3872.0,57.791044776119406,74.74903474903476,1.11565723506022,1.99034749034749,30974.0,462.2985074626866,12886.0,192.32835820895522,224.9382716049383,3.3572876358946013,4.890341321713871,93.58024691358023,1.396720103187765,2.8061002178649237,299.68730635397293,4.472944870954821,6.572900631724162,168.32928166261505,2.512377338247985,4.5597698538875004
Granite 350M,k=2,20,20,137.7,51.8,55.183543326422345,56.00000000000001,37.94707653149585,80.64516129032259,0.8212021215274689,2,63.21852218690689,435,258493.0,594.2367816091954,46218.0,106.24827586206897,9268.0,21.30574712643678,335.64270152505424,0.7715924172989759,2.6376180101670186,1877.2185911401605,4.3154450371038156,6.390704429920117,178.91891891891794,0.4113078595837217,1.6853281853281847,514.5616204439738,1.1829002768826975,2.971168647639232,2056.13751005908,4.726752896687538,6.7318985652319,100,53500.0,535.0,7989.0,79.89,6317.0,63.17,58.01742919389975,0.5801742919389978,1.2788671023965141,388.5257806826433,3.8852578068264347,6.062817719680464,121.94980694980687,1.2194980694980695,1.8552123552123552,179.9672361437068,1.7996723614370675,2.7325350560644677,510.4755876324507,5.1047558763245044,7.532894939757684,335,204993.0,611.9194029850746,38229.0,114.11641791044777,2951.0,8.808955223880597,277.62527233115435,0.8287321562124021,2.9665940450254187,1488.692810457517,4.443859135694079,6.408859840232391,56.96911196911237,0.1700570506540656,0.13513513513513514,334.5943843002667,0.9987892068664677,3.1213370232978095,1545.6619224266283,4.613916186348145,6.573769848279652,100,56508.0,565.08,24881.0,248.81,1387.0,13.87,180.6899055918664,1.806899055918664,4.469135802469135,410.37037037037055,4.103703703703704,6.098039215686274,26.776061776061834,0.26776061776061777,1.527027027027027,207.46596736792816,2.0746596736792817,4.826376796965033,437.1464321464322,4.371464321464321,6.590109717560698,100,6317.0,63.17,121.94980694980687,1.2194980694980695,1.8552123552123552,56508.0,565.08,24881.0,248.81,410.37037037037055,4.103703703703704,6.098039215686274,180.6899055918664,1.806899055918664,4.469135802469135,532.3201773201772,5.323201773201774,7.406544499681755,302.6397125416734,3.0263971254167337,6.129941566216075
Granite 350M,k=2,40,40,137.7,51.8,52.85054110659735,47.5,52.944333101088226,74.09638554216866,0.7891742145250655,13,63.21852218690689,535,482256.0,901.4130841121495,101672.0,190.0411214953271,16494.0,30.829906542056076,738.3587509077705,1.3801098147808797,7.0225127087872155,3502.222222222219,6.546209761163032,10.39506172839506,318.4169884169891,0.5951719409663335,1.640926640926641,1056.7757393247587,1.975281755747213,7.267306522208481,3820.6392106392113,7.141381702129366,10.872614911830599,200,169251.0,846.255,24210.0,121.05,13310.0,66.55,175.81699346405222,0.8790849673202615,4.797385620915026,1229.1285403050117,6.145642701525055,10.015976761074802,256.94980694980643,1.284749034749035,1.698841698841699,432.7668004138599,2.1638340020692963,5.681803652391883,1486.0783472548178,7.43039173627409,11.496783197763591,335,313005.0,934.3432835820895,77462.0,231.22985074626865,3184.0,9.504477611940299,562.5417574437186,1.6792291266976664,7.923747276688454,2273.0936819172116,6.785354274379736,10.481481481481483,61.46718146718187,0.18348412378263126,0.13513513513513514,624.0089389109002,1.8627132504802977,8.058882411823589,2334.560863384392,6.968838398162367,10.636224459753873,200,175685.0,878.425,80304.0,401.52,3688.0,18.44,583.1808278867102,2.9159041394335516,8.580973129992739,1275.853304284678,6.379266521423385,10.102033405954975,71.19691119691129,0.35598455598455603,1.5463320463320458,654.3777390836217,3.2718886954181072,8.851917043093513,1347.0502154815879,6.73525107740794,10.61518731616771,200,13310.0,66.55,256.94980694980643,1.284749034749035,1.698841698841699,175685.0,878.425,80304.0,401.52,1275.853304284678,6.379266521423385,10.102033405954975,583.1808278867102,2.9159041394335516,8.580973129992739,1532.8031112344843,7.664015556172419,11.55760101838533,840.1306348365175,4.2006531741825865,10.132758809229399
Granite 350M,k=2,60,60,137.7,51.8,45.94900920657013,43.5,43.72036115060487,59.45945945945945,0.7550410088606009,24,63.21852218690689,635,774101.0,1219.0566929133859,189623.0,298.61889763779527,23632.0,37.21574803149606,1377.0733478576676,2.1686194454451364,11.420479302832245,5621.648511256359,8.852989781506071,14.691358024691358,456.2162162162202,0.7184507341987658,1.5501930501930494,1833.2895640738695,2.8870701796439024,11.668177981903467,6077.864727472568,9.571440515704836,15.307974641307975,300,349568.0,1165.2266666666667,48996.0,163.32,20596.0,68.65333333333334,355.8169934640512,1.1860566448801744,6.592955700798846,2538.6201888162673,8.462067296054224,14.263616557734206,397.6061776061788,1.3253539253539255,1.6795366795366797,753.4231710702306,2.5114105702341,7.2575201251671855,2936.2263664224447,9.78742122140815,15.730798024915671,335,424533.0,1267.262686567164,140627.0,419.7820895522388,3036.0,9.06268656716418,1021.2563543936099,3.0485264310257,12.575889615105304,3083.0283224400873,9.203069619224141,14.766158315177925,58.61003861003901,0.1749553391344436,0.13513513513513514,1079.8663930036475,3.2234817701601433,12.711024750240439,3141.6383610501266,9.378024958358585,15.180160552709573,300,359414.0,1198.0466666666666,168282.0,560.94,6590.0,21.966666666666665,1222.091503267975,4.0736383442265796,12.68736383442266,2610.1234567901242,8.700411522633745,14.598765432098768,127.22007722007659,0.4240669240669241,1.5453667953667956,1349.3115804880508,4.497705268293504,12.916180886769125,2737.3435340102005,9.12447844670067,14.783283283283286,300,20596.0,68.65333333333334,397.6061776061788,1.3253539253539255,1.6795366795366797,359414.0,1198.0466666666666,168282.0,560.94,2610.1234567901242,8.700411522633745,14.598765432098768,1222.091503267975,4.0736383442265796,12.68736383442266,3007.7296343963008,10.025765447987672,16.100557139772828,1619.6976808741529,5.398992269580505,14.154545301604125
Granite 350M,k=2,80,80,137.7,51.8,38.992939935633395,38.0,35.27083552811583,49.168207024029584,0.726138411795527,81,63.21852218690689,735,1127953.0,1534.629931972789,308903.0,420.2761904761905,31018.0,42.201360544217685,2243.30428467684,3.052114673029706,15.372549019607842,8191.379811183731,11.144734436984672,18.939724037763256,598.8030888030936,0.8146980800042025,1.4922779922779916,2842.1073734799093,3.8668127530339085,15.929615890400205,8790.182899986823,11.959432516988874,19.910008047262952,400,593265.0,1483.1625,81351.0,203.3775,27821.0,69.5525,590.7843137254896,1.4769607843137256,9.341321713870734,4308.38779956427,10.770969498910675,18.774146695715324,537.0849420849455,1.3427123552123554,1.5859073359073335,1127.8692558104294,2.819673139526081,10.624032295600916,4845.472741649213,12.113681854123032,20.0880964998612,335,534688.0,1596.0835820895522,227552.0,679.2597014925373,3197.0,9.543283582089552,1652.5199709513452,4.932895435675652,17.15613652868555,3882.9920116194644,11.591020930207351,19.319535221496007,61.718146718147125,0.1842332737855126,0.13513513513513514,1714.2381176694903,5.1171287094611655,17.435788729906378,3944.710158337612,11.775254203992866,19.477909281830854,400,606540.0,1516.35,287487.0,718.7175,9322.0,23.305,2087.777777777778,5.219444444444445,16.849310094408136,4404.793028322439,11.0119825708061,18.925925925925927,179.96138996138882,0.44990347490347493,1.5830115830115832,2267.739167739167,5.66934791934792,17.175077037822135,4584.754418283829,11.461886045709576,19.184154742978276,400,27821.0,69.5525,537.0849420849455,1.3427123552123554,1.5859073359073335,606540.0,1516.35,287487.0,718.7175,4404.793028322439,11.0119825708061,18.925925925925927,2087.777777777778,5.219444444444445,16.849310094408136,4941.8779704073795,12.354694926018457,20.350986841182923,2624.8627198627214,6.5621567996568,18.316491561589604
Granite 350M,k=5,base,13.4,137.7,51.8,43.91863354037267,47.5,27.3888198757764,57.14285714285714,0.8551674906802739,1,59.00760924569225,402,226938.0,564.5223880597015,32868.0,81.76119402985074,5737.0,14.271144278606965,238.6928104575156,0.5937632100933242,1.2403776325344948,1648.061002178648,4.099654234275247,6.209150326797386,110.75289575289526,0.2755047158032233,1.5444015444015444,349.44570621041225,0.8692679258965476,2.1916524367504757,1758.8138979315468,4.375158950078471,6.503689964474279,67,31277.0,466.82089552238807,3965.0,59.17910447761194,3173.0,47.35820895522388,28.794480755265077,0.4297683694815682,0.49673202614379086,227.13870733478572,3.3901299602206834,5.275962236746551,61.2548262548263,0.9142511381317352,1.891891891891892,90.04930701009135,1.3440195076133035,2.360035105133144,288.393533589612,4.304381098352419,7.505251750349788,335,195661.0,584.0626865671642,28903.0,86.27761194029851,2564.0,7.6537313432835825,209.89832970225086,0.6265621782156755,1.3376906318082793,1420.9222948438626,4.24155908908616,6.356572258533043,49.4980694980699,0.1477554313375209,0.13513513513513514,259.3963992003206,0.7743176095531964,1.5410901097175609,1470.4203643419344,4.389314520423681,6.491707393668178,67,34256.0,511.2835820895522,11561.0,172.55223880597015,469.0,7.0,83.95787944807556,1.2531026783294856,2.920116194625998,248.7726942628903,3.7130252875058263,6.083514887436457,9.054054054054053,0.13513513513513514,0.13513513513513514,93.01193350212958,1.3882378134646207,3.0552513297611332,257.8267483169444,3.8481604226409614,6.218650022571591,67,3173.0,47.35820895522388,61.2548262548263,0.9142511381317352,1.891891891891892,34256.0,511.2835820895522,11561.0,172.55223880597015,248.7726942628903,3.7130252875058263,6.083514887436457,83.95787944807556,1.2531026783294856,2.920116194625998,310.0275205177167,4.627276425637562,7.022950120989336,145.21270570290176,2.1673538164612207,4.3400935949955555
Granite 350M,k=5,20,20,137.7,51.8,51.436027135786475,46.5,51.70508415290199,70.73170731707317,0.8515588877586587,2,59.00760924569225,435,281162.0,646.3494252873563,41736.0,95.9448275862069,7352.0,16.901149425287358,303.0936819172109,0.6967670848671526,1.427015250544661,2041.8445896877263,4.693895608477534,7.639070442992011,141.93050193050104,0.3262770159321884,1.5888030888030882,445.02418384771346,1.023044100799341,2.3038570783668817,2183.7750916182295,5.020172624409722,7.922353726275295,100,58958.0,589.58,7132.0,71.32,4808.0,48.08,51.793754538852546,0.5179375453885259,0.976397966594045,428.162672476398,4.28162672476398,7.037037037037037,92.81853281853282,0.9281853281853283,1.8156370656370657,144.61228735738544,1.446122873573854,2.4404264208185777,520.9812052949306,5.209812052949308,8.873693721732938,335,222204.0,663.2955223880597,34604.0,103.2955223880597,2544.0,7.594029850746269,251.29992737835815,0.7501490369503246,1.9716775599128546,1613.6819172113278,4.81696094689949,7.678286129266523,49.11196911196949,0.1466028928715496,0.13513513513513514,300.4118964903279,0.8967519298218742,2.111925651141338,1662.7938863232994,4.963563839771039,7.813421264401658,100,61966.0,619.66,20399.0,203.99,1068.0,10.68,148.1408859840232,1.4814088598402324,4.253086419753086,450.007262164125,4.50007262164125,7.030137981118373,20.617760617760673,0.2061776061776062,0.20173745173744795,168.7586466017838,1.6875864660178386,4.498606449586841,470.62502278188555,4.706250227818855,7.175077037822135,100,4808.0,48.08,92.81853281853282,0.9281853281853283,1.8156370656370657,61966.0,619.66,20399.0,203.99,450.007262164125,4.50007262164125,7.030137981118373,148.1408859840232,1.4814088598402324,4.253086419753086,542.8257949826577,5.428257949826578,8.460695990107755,240.95941880255603,2.4095941880255607,4.649691007534142
Granite 350M,k=5,40,40,137.7,51.8,42.49843956622317,37.0,36.84593217793616,73.91304347826086,0.8549501735003774,12,59.00760924569225,535,512679.0,958.2785046728972,74364.0,138.9981308411215,13311.0,24.8803738317757,540.0435729847496,1.0094272392238308,4.146695715323166,3723.159041394335,6.95917577830717,10.854030501089325,256.9691119691102,0.4803160971385271,1.5694980694980687,797.0126849538615,1.489743336362358,4.302359782751936,3980.1281533634487,7.439491875445697,11.435062513493888,200,180511.0,902.555,19800.0,99.0,10840.0,54.2,143.79084967320273,0.7189542483660132,1.5065359477124123,1310.9005083514894,6.5545025417574445,10.72803195352215,209.26640926640874,1.0463320463320465,1.6805019305019302,353.05725893961267,1.7652862946980596,2.7751420888675775,1520.1669176178982,7.600834588089491,12.152003544160406,335,332168.0,991.5462686567164,54564.0,162.87761194029852,2471.0,7.376119402985075,396.25272331154656,1.182843950183722,5.93972403776326,2412.2585330428487,7.200771740426409,10.878721859114016,47.702702702703085,0.14239612747075434,0.13513513513513514,443.95542601424984,1.3252400776544764,6.074859172898395,2459.9612357455476,7.343167867897163,11.013856994249151,200,186945.0,934.725,52996.0,264.98,2669.0,13.345,384.865649963689,1.924328249818446,7.77923021060276,1357.6252723311547,6.788126361655774,10.702614379084967,51.52509652509672,0.2576254826254826,1.4671814671814674,436.39074648878585,2.1819537324439287,8.444140218650023,1409.150368856252,7.045751844281257,10.979361714655834,200,10840.0,54.2,209.26640926640874,1.0463320463320465,1.6805019305019302,186945.0,934.725,52996.0,264.98,1357.6252723311547,6.788126361655774,10.702614379084967,384.865649963689,1.924328249818446,7.77923021060276,1566.8916815975638,7.83445840798782,12.109156775823443,594.1320592300984,2.9706602961504927,8.673051903444058
Granite 350M,k=5,60,60,137.7,51.8,37.01487635957809,36.0,24.295869074675988,62.272727272727266,0.8516833677038236,6,59.00760924569225,635,805439.0,1268.4078740157481,119460.0,188.1259842519685,17488.0,27.54015748031496,867.5381263616562,1.3662017737978833,7.664488017429191,5849.230210602762,9.211386158429544,15.10167029774873,337.606177606179,0.5316632718207522,1.4671814671814674,1205.14430396783,1.8978650456186354,7.870792360988435,6186.836388208935,9.743049430250295,15.736607756215594,300,365179.0,1217.2633333333333,33967.0,113.22333333333333,15021.0,50.07,246.67392883079089,0.822246429435972,1.1259985475671752,2651.9898329702237,8.839966109900752,14.859477124183007,289.98069498069447,0.9666023166023167,1.5453667953667956,536.6546238114875,1.7888487460382887,2.6241318349161498,2941.9705279509208,9.806568426503068,16.326658591364474,335,440260.0,1314.2089552238806,85493.0,255.20298507462687,2467.0,7.364179104477612,620.8641975308641,1.8533259627786993,10.16339869281046,3197.240377632536,9.544001127261298,15.186637618010167,47.62548262548301,0.1421656197775601,0.13513513513513514,668.4896801563469,1.9954915825562594,10.298533827945596,3244.8658602580176,9.686166747038857,15.321772753145304,300,375025.0,1250.0833333333333,98119.0,327.06333333333333,4002.0,13.34,712.5562817719684,2.3751876059065604,10.940813362381991,2723.4931009440825,9.078310336480271,14.963326071169211,77.25868725868726,0.25752895752895755,1.4671814671814674,789.8149690306556,2.632716563435518,11.761133682702313,2800.7517882027696,9.33583929400923,15.264764764764765,300,15021.0,50.07,289.98069498069447,0.9666023166023167,1.5453667953667956,375025.0,1250.0833333333333,98119.0,327.06333333333333,2723.4931009440825,9.078310336480271,14.963326071169211,712.5562817719684,2.3751876059065604,10.940813362381991,3013.4737959247773,10.044912653082589,16.433500026637283,1002.5369767526628,3.341789922508877,11.585038119351847
Granite 350M,k=5,80,80,137.7,51.8,29.786559222321095,28.499999999999996,16.55154662379767,56.99115044247788,0.8474702719111472,32,59.00760924569225,735,1166153.0,1586.6027210884354,177873.0,242.00408163265305,23942.0,32.57414965986395,1291.7429193899839,1.7574733597142562,11.005083514887428,8468.794480755263,11.522169361571791,19.481481481481485,462.20077220077735,0.6288445880282616,1.4671814671814674,1753.9436915907386,2.386317947742518,11.140218650022565,8930.995252956038,12.151013949600053,20.143094074466624,400,614875.0,1537.1875,45367.0,113.4175,21447.0,53.6175,329.46259985475524,0.8236564996368919,1.1633986928104498,4465.3231663035585,11.163307915758898,19.054103122730574,414.0347490347509,1.0350868725868727,1.4864864864864864,743.497348889507,1.8587433722237645,2.624494943122392,4879.357915338302,12.19839478834577,20.473717414893887,335,551278.0,1645.6059701492538,132506.0,395.5402985074627,2495.0,7.447761194029851,962.2803195352221,2.8724785657767806,14.79738562091504,4003.471314451711,11.950660640154348,19.681917211328976,48.16602316602355,0.1437791736299199,0.13513513513513514,1010.4463427012438,3.0162577394067007,14.932520756050174,4051.637337617731,12.09443981378427,19.817052346464116,400,628150.0,1570.375,156457.0,391.1425,5207.0,13.0175,1136.2164124909232,2.840541031227306,14.426652142338408,4561.728395061732,11.404320987654321,19.306463326071167,100.52123552123521,0.2513030888030888,1.4671814671814674,1236.737648012157,3.091844120030395,14.561787277473544,4662.249630582964,11.65562407645741,19.441598461206304,400,21447.0,53.6175,414.0347490347509,1.0350868725868727,1.4864864864864864,628150.0,1570.375,156457.0,391.1425,4561.728395061732,11.404320987654321,19.306463326071167,1136.2164124909232,2.840541031227306,14.426652142338408,4975.763144096479,12.439407860241195,20.746399761105643,1550.251161525671,3.8756279038141788,15.776991276991268
Granite 350M,k=10,base,13.4,137.7,51.8,45.25218602060707,48.5,25.66137566137566,64.9122807017544,0.8666669433457977,1,58.11578977096408,402,240953.0,599.3855721393035,32127.0,79.91791044776119,6134.0,15.25870646766169,233.3115468409579,0.5803769821914394,1.140159767610748,1749.840232389251,4.352836398978239,6.427015250544663,118.41698841698783,0.2945696229278319,1.582046332046332,351.72853525794716,0.8749466051192712,2.1246470560196045,1868.2572208062422,4.647406021906071,6.6409448664350625,67,33202.0,495.55223880597015,3965.0,59.17910447761194,3475.0,51.865671641791046,28.794480755265077,0.4297683694815682,0.49673202614379086,241.11837327523594,3.598781690675165,5.671750181554104,67.08494208494211,1.0012677923125686,1.9189189189189189,95.87942284020714,1.4310361617941367,2.3800663408506546,308.203315360178,4.600049482987734,7.524056269154308,335,207751.0,620.1522388059701,28162.0,84.06567164179104,2659.0,7.937313432835821,204.51706608569313,0.6104987047334136,1.169208424110385,1508.721859114015,4.503647340638854,6.441539578794481,51.33204633204674,0.15322998905088459,0.13513513513513514,255.8491124177398,0.7637286937842982,1.4336100806689047,1560.0539054460635,4.656877329689738,6.5766747139296164,67,36556.0,545.6119402985074,10820.0,161.49253731343285,469.0,7.0,78.5766158315178,1.172785310918176,3.0029048656499624,265.47567175018156,3.962323458957934,6.146695715323166,9.054054054054053,0.13513513513513514,0.13513513513513514,87.63066988557186,1.3079204460533111,3.138040000785098,274.5297258042356,4.0974585940930695,6.281830850458302,67,3475.0,51.865671641791046,67.08494208494211,1.0012677923125686,1.9189189189189189,36556.0,545.6119402985074,10820.0,161.49253731343285,265.47567175018156,3.962323458957934,6.146695715323166,78.5766158315178,1.172785310918176,3.0029048656499624,332.56061383512355,4.963591251270502,7.839923957571013,145.66155791645988,2.1740531032307446,4.092798681033972
Granite 350M,k=10,20,20,137.7,51.8,50.13665223665223,49.0,40.76479076479077,70.3030303030303,0.8760186409723534,3,58.11578977096408,435,317580.0,730.0689655172414,39374.0,90.51494252873563,8381.0,19.266666666666666,285.9404502541752,0.657334368400404,1.1779230210602747,2306.3180827886704,5.3018806500889,9.263616557734204,161.79536679536588,0.37194337194337196,1.646718146718146,447.735817049543,1.029277740343776,2.246292510998391,2468.1134495840392,5.673824022032271,9.729375033296602,100,66978.0,669.78,6740.0,67.4,5782.0,57.82,48.94698620188813,0.48946986201888165,0.976397966594045,486.40522875817,4.8640522875817,8.81045751633987,111.6216216216216,1.1162162162162164,1.834942084942085,160.56860782350972,1.605686078235098,2.466287716287716,598.0268503797914,5.980268503797916,10.19337755122069,335,250602.0,748.065671641791,32634.0,97.41492537313432,2599.0,7.75820895522388,236.9934640522871,0.7074431762754854,1.2984749455337696,1819.9128540305012,5.4325756836731385,9.288307915758898,50.17374517374556,0.14977237365297066,0.13513513513513514,287.1672092260328,0.857215549928456,1.5367328112426153,1870.0865992042477,5.582348057326109,9.423443050894033,100,69986.0,699.86,18037.0,180.37,1150.0,11.5,130.98765432098764,1.3098765432098767,3.4088598402323878,508.24981844589695,5.082498184458969,8.872549019607844,22.20077220077226,0.222007722007722,1.4671814671814674,153.18842652175985,1.5318842652175986,3.543994975367523,530.4505906466691,5.304505906466691,9.018577400930342,100,5782.0,57.82,111.6216216216216,1.1162162162162164,1.834942084942085,69986.0,699.86,18037.0,180.37,508.24981844589695,5.082498184458969,8.872549019607844,130.98765432098764,1.3098765432098767,3.4088598402323878,619.8714400675185,6.198714400675185,10.224871229773193,242.6092759426093,2.426092759426093,5.073917755290303
Granite 350M,k=10,40,40,137.7,51.8,43.696279764831026,40.5,37.58511905932412,66.66666666666667,0.8889929249625207,14,58.11578977096408,535,570315.0,1066.0093457943926,63309.0,118.33457943925234,15018.0,28.07102803738318,459.76034858387743,0.8593651375399589,1.2984749455337672,4141.721132897602,7.741534827845989,12.84894698620189,289.92277992277945,0.5419117381734204,1.5250965250965252,749.6831285066581,1.4012768757133793,2.706830079379097,4431.643912820385,8.283446566019409,13.453944140218653,200,199981.0,999.905,19057.0,95.285,12426.0,62.13,138.39506172839518,0.6919753086419753,1.067901234567901,1452.2948438634728,7.261474219317357,12.43246187363834,239.88416988416932,1.1994208494208496,1.698841698841699,378.27923161256587,1.891396158062825,2.854678207619384,1692.1790137476405,8.460895068738207,13.899643340819807,335,370334.0,1105.4746268656716,44252.0,132.0955223880597,2592.0,7.737313432835821,321.3652868554825,0.9592993637477103,1.4015976761074802,2689.4262890341315,8.02813817622129,12.874364560639071,50.038610038610415,0.14936898518988073,0.13513513513513514,371.4038968940932,1.108668348937591,1.685783823038729,2739.4648990727424,8.177507161411171,13.009499695774206,200,206415.0,1032.075,41941.0,209.705,3329.0,16.645,304.5824255628176,1.5229121278140887,5.474945533769041,1499.0196078431375,7.495098039215687,12.441539578794476,64.26640926640945,0.3213320463320464,1.5250965250965252,368.84883482922714,1.844244174146135,6.820332236998905,1563.2860171095472,7.816430085547733,12.818527911665166,200,12426.0,62.13,239.88416988416932,1.1994208494208496,1.698841698841699,206415.0,1032.075,41941.0,209.705,1499.0196078431375,7.495098039215687,12.441539578794476,304.5824255628176,1.5229121278140887,5.474945533769041,1738.9037777273068,8.694518888636535,13.908721045975943,544.4665954469875,2.722332977234938,6.850699438934729
Granite 350M,k=10,60,60,137.7,51.8,44.39603124890902,36.0,50.414894226405295,67.94871794871796,0.8919408471537583,15,58.11578977096408,635,863999.0,1360.628346456693,93363.0,147.0283464566929,21234.0,33.439370078740154,678.0174291938994,1.0677439829825195,1.405954974582425,6274.502541757443,9.881106364972354,16.219317356572258,409.9227799227831,0.6455476849177637,1.6023166023166024,1087.9402091166778,1.7132916679002832,2.9628634236477374,6684.425321680225,10.526654049890118,17.089548932686185,300,392524.0,1308.4133333333334,29343.0,97.81,18545.0,61.81666666666667,213.09368191721092,0.7103122730573712,1.0758896151053017,2850.5737109658676,9.501912369886227,16.08823529411765,358.0115830115837,1.1933719433719434,1.6795366795366797,571.1052649287951,1.9036842164293146,2.7641864553629265,3208.5852939774495,10.69528431325817,17.42179294140079,335,471475.0,1407.3880597014925,64020.0,191.1044776119403,2689.0,8.026865671641792,464.9237472766885,1.3878320814229508,5.925199709513457,3423.9288307915763,10.22068307698978,16.396514161220047,51.91119691119731,0.15495879674984153,0.13513513513513514,516.8349441878856,1.5427908781727921,6.060334844648592,3475.8400277027717,10.375641873739621,16.641307974641315,300,402370.0,1341.2333333333333,72022.0,240.07333333333332,5395.0,17.983333333333334,523.0355846042121,1.743451948680707,7.884168482207715,2922.076978939726,9.740256596465748,16.137254901960787,104.15057915057886,0.3471685971685972,1.5839768339768345,627.1861637547914,2.0906205458493043,9.132968402576251,3026.2275580903024,10.087425193634346,16.30071247718307,300,18545.0,61.81666666666667,358.0115830115837,1.1933719433719434,1.6795366795366797,402370.0,1341.2333333333333,72022.0,240.07333333333332,2922.076978939726,9.740256596465748,16.137254901960787,523.0355846042121,1.743451948680707,7.884168482207715,3280.0885619513056,10.933628539837692,17.61896069739207,881.0471676157956,2.9368238920526504,9.378440765695675
Granite 350M,k=10,80,80,137.7,51.8,39.76297734819491,37.5,37.210754158122576,53.06859205776174,0.8942619729015953,42,58.11578977096408,735,1231364.0,1675.3251700680273,130202.0,177.14557823129252,27815.0,37.843537414965986,945.5482933914307,1.2864602631175928,3.0602759622367444,8942.367465504729,12.16648634762547,20.3362381989833,536.9691119691171,0.7305702203661388,1.5250965250965252,1482.517405360533,2.017030483483732,3.5380184105673917,9479.336577473823,12.89705656799161,21.284174931233757,400,651425.0,1628.5625,39567.0,98.9175,25197.0,62.9925,287.3420479302819,0.7183551198257081,1.074800290486565,4730.755265068988,11.826888162672477,20.09477124183006,486.4285714285741,1.2160714285714287,1.6428571428571412,773.7706193588555,1.9344265483971368,2.70465703799037,5217.183836497566,13.042959591243907,21.710294327941384,335,579939.0,1731.1611940298508,90635.0,270.55223880597015,2618.0,7.8149253731343284,658.2062454611475,1.9647947625705895,12.11692084241104,4211.612200435732,12.571976717718597,20.373275236020337,50.54054054054094,0.1508672851956434,0.13513513513513514,708.746786001688,2.115662047766233,12.252055977546176,4262.152740976269,12.722844002914242,20.508410371155474,400,664700.0,1661.75,108786.0,271.965,6856.0,17.14,790.0217864923758,1.975054466230937,10.144153957879379,4827.160493827165,12.067901234567902,20.110384894698612,132.35521235521156,0.3308880308880309,1.505791505791506,922.3769988475868,2.3059424971189677,10.279289093014514,4959.515706182375,12.398789265455934,20.413639129325404,400,25197.0,62.9925,486.4285714285741,1.2160714285714287,1.6428571428571412,664700.0,1661.75,108786.0,271.965,4827.160493827165,12.067901234567902,20.110384894698612,790.0217864923758,1.975054466230937,10.144153957879379,5313.589065255732,13.28397266313933,21.57756636188008,1276.4503579209456,3.1911258948023655,11.581412645138126
Qwen 0.8B,Patch,base,13.4,68.0,27.6,56.584905898699,63.5,30.555008210180624,72.30769230769232,0.7226622216081544,0,70.39282683257574,402,224369.0,558.1318407960199,62226.0,154.7910447761194,8389.0,20.8681592039801,915.0882352941178,2.2763388937664617,7.862499999999998,3299.544117647059,8.207821188176764,10.323529411764707,303.9492753623214,0.7560927247818876,3.8043478260869565,1219.0375106564352,3.0324316185483493,8.117476555839726,3603.493393009378,8.96391391295865,12.072048167092925,67,32904.0,491.1044776119403,6793.0,101.38805970149254,5021.0,74.94029850746269,99.89705882352943,1.4910008779631256,1.613235294117647,483.88235294117646,7.222124670763828,10.26029411764706,181.92028985507255,2.7152282067921263,4.434782608695651,281.81734867860195,4.206229084755252,6.003900255754474,665.8026427962491,9.937352877555954,14.523593350383631,335,191465.0,571.5373134328358,55433.0,165.4716417910448,3368.0,10.053731343283582,815.1911764705886,2.433406496927129,8.022058823529413,2815.6617647058806,8.40496049165935,10.323529411764707,122.0289855072463,0.3642656283798399,0.25362318840579706,937.2201619778341,2.797672125306969,8.27568201193521,2937.6907502131285,8.76922612003919,10.591858482523444,67,35183.0,525.1194029850747,27880.0,416.1194029850746,469.0,7.0,409.99999999999994,6.119402985074627,8.68235294117647,517.3970588235295,7.722344161545215,10.285294117647059,16.992753623188396,0.25362318840579706,0.25362318840579706,426.9927536231884,6.373026173480424,8.935976129582267,534.3898124467178,7.975967349951012,10.538917306052856,67,5021.0,74.94029850746269,181.92028985507255,2.7152282067921263,4.434782608695651,35183.0,525.1194029850747,27880.0,416.1194029850746,517.3970588235295,7.722344161545215,10.285294117647059,409.99999999999994,6.119402985074627,8.68235294117647,699.3173486786018,10.43757236833734,14.619522591645353,591.9202898550724,8.834631191866753,13.016581415174764
Qwen 0.8B,Patch,20,20,68.0,27.6,57.29311924130577,55.00000000000001,49.296829296829294,79.79274611398964,0.7026217028023254,0,70.39282683257574,435,298966.0,687.2781609195403,88906.0,204.3816091954023,11401.0,26.20919540229885,1307.441176470589,3.005611899932387,10.994117647058822,4396.558823529414,10.107031778228533,14.27941176470588,413.07971014493086,0.9496085290687989,3.804347826086956,1720.5208866155128,3.9552204290011854,11.599211423699913,4809.63853367434,11.056640307297332,15.800831202046034,100,61861.0,618.61,14458.0,144.58,8165.0,81.65,212.61764705882362,2.126176470588235,8.966176470588232,909.720588235294,9.097205882352942,13.633823529411766,295.8333333333335,2.958333333333333,4.21195652173913,508.4509803921568,5.084509803921568,12.349669650468881,1205.5539215686274,12.055539215686274,17.280669224211426,335,237105.0,707.776119402985,74448.0,222.23283582089553,3236.0,9.659701492537314,1094.8235294117655,3.268129938542581,11.29264705882353,3486.8382352941167,10.408472344161545,14.323529411764707,117.24637681159413,0.34998918451222144,0.25362318840579706,1212.0699062233584,3.618119123054803,11.546270247229327,3604.0846121057107,10.758461528673767,14.596270247229327,100,65527.0,655.27,54627.0,546.27,1471.0,14.71,803.3382352941177,8.033382352941176,12.222058823529412,963.632352941176,9.636323529411765,13.825,53.297101449275345,0.5329710144927535,3.514492753623188,856.6353367433932,8.56635336743393,13.057917732310315,1016.9294543904522,10.169294543904519,14.660858908780902,100,8165.0,81.65,295.8333333333335,2.958333333333333,4.21195652173913,65527.0,655.27,54627.0,546.27,963.632352941176,9.636323529411765,13.825,803.3382352941177,8.033382352941176,12.222058823529412,1259.4656862745103,12.594656862745097,17.830530690537085,1099.1715686274508,10.99171568627451,16.227589514066498
Qwen 0.8B,Patch,40,40,68.0,27.6,64.71120162232762,55.50000000000001,73.2051282051282,87.39946380697052,0.6154570734967673,1,70.39282683257574,535,577522.0,1079.4803738317758,222082.0,415.1065420560748,20024.0,37.42803738317757,3265.9117647058792,6.104507971412864,21.332352941176467,8492.970588235292,15.874711379879054,25.298529411764704,725.5072463768118,1.3560883109846944,3.561594202898549,3991.419011082699,7.4605962823975585,22.453623188405796,9218.477834612111,17.230799690863748,26.418329070758737,200,201937.0,1009.685,46833.0,234.165,16809.0,84.045,688.7205882352927,3.443602941176471,16.32647058823526,2969.661764705882,14.848308823529411,24.227205882352937,609.0217391304361,3.0451086956521736,4.0597826086956506,1297.7423273657266,6.488711636828644,19.819096334185822,3578.683503836315,17.893417519181586,27.868904518329067,335,375585.0,1121.1492537313434,175249.0,523.131343283582,3215.0,9.597014925373134,2577.191176470587,7.693107989464442,22.339705882352945,5523.308823529416,16.48748902546093,25.48970588235294,116.48550724637676,0.3477179320787367,0.25362318840579706,2693.6766837169644,8.04082592154318,22.59332907075874,5639.7943307757905,16.83520695753967,25.743329070758737,200,209952.0,1049.76,188152.0,940.76,4364.0,21.82,2766.941176470588,13.83470588235294,23.240441176470586,3087.529411764704,15.43764705882353,24.843382352941177,158.11594202898584,0.7905797101449274,3.5144927536231885,2925.0571184995733,14.625285592497868,24.136711423699914,3245.6453537936936,16.228226768968458,25.7396526001705,200,16809.0,84.045,609.0217391304361,3.0451086956521736,4.0597826086956506,209952.0,1049.76,188152.0,940.76,3087.529411764704,15.43764705882353,24.843382352941177,2766.941176470588,13.83470588235294,23.240441176470586,3696.55115089514,18.482755754475704,28.35787510656436,3375.9629156010255,16.879814578005114,26.754933930093774
Qwen 0.8B,Patch,60,60,68.0,27.6,66.5363150600679,57.99999999999999,75.5166888117002,85.71428571428571,0.5350996998273286,2,70.39282683257574,635,936461.0,1474.7417322834647,435361.0,685.607874015748,27005.0,42.52755905511811,6402.367647058818,10.082468735525707,32.39117647058823,13771.485294117643,21.687378415933303,36.11764705882353,978.4420289855054,1.5408535889535546,3.514492753623188,7380.809676044316,11.623322324479261,33.37152600170503,14749.927323103146,23.228232004886856,37.81596334185848,300,422116.0,1407.0533333333333,107579.0,358.5966666666667,23803.0,79.34333333333333,1582.044117647066,5.273480392156863,25.496323529411764,6207.588235294116,20.691960784313725,35.400000000000006,862.4275362318871,2.87475845410628,3.844202898550725,2444.4716538789453,8.148238846263142,28.524307331628304,7070.015771526001,23.566719238420006,38.91449275362319,335,514345.0,1535.358208955224,327782.0,978.4537313432836,3202.0,9.558208955223881,4820.323529411765,14.389025460930641,34.07205882352942,7563.8970588235325,22.578797190518,36.73088235294117,116.01449275362312,0.34631191866753186,0.25362318840579706,4936.33802216539,14.735337379598173,34.325682011935214,7679.9115515771555,22.92510910918553,36.98450554134697,300,434358.0,1447.86,401658.0,1338.86,7523.0,25.076666666666668,5906.735294117648,19.689117647058822,34.4279411764706,6387.617647058824,21.292058823529413,36.03088235294118,272.572463768118,0.908574879227053,3.514492753623188,6179.307757885765,20.597692526285876,34.70964407502131,6660.190110826944,22.200633702756466,36.3125852514919,300,23803.0,79.34333333333333,862.4275362318871,2.87475845410628,3.844202898550725,434358.0,1447.86,401658.0,1338.86,6387.617647058824,21.292058823529413,36.03088235294118,5906.735294117648,19.689117647058822,34.4279411764706,7250.045183290708,24.16681727763569,39.54537510656437,6769.16283034953,22.563876101165103,37.942433930093785
Qwen 0.8B,Patch,80,80,68.0,27.6,63.1972529004194,56.00000000000001,71.12693253872007,78.7701317715959,0.4700520776493904,2,70.39282683257574,735,1374486.0,1870.0489795918368,728406.0,991.0285714285715,33042.0,44.95510204081633,10711.852941176523,14.573949579831933,43.55294117647057,20213.029411764703,27.500720288115247,47.2735294117647,1197.1739130434757,1.6288080449571132,3.514492753623188,11909.026854219917,16.202757624789047,44.10375106564364,21410.2033248082,29.129528333072358,49.213917306052856,400,722061.0,1805.1525,180341.0,450.8525,30217.0,75.5425,2652.073529411764,6.6301838235294115,33.222794117647055,10618.544117647058,26.546360294117648,46.57647058823529,1094.8188405797146,2.737047101449275,3.6249999999999982,3746.8923699914835,9.367230924978687,33.87401960784314,11713.362958226771,29.283407395566922,49.713086104006805,335,652425.0,1947.5373134328358,548065.0,1636.0149253731342,2825.0,8.432835820895523,8059.7794117647145,24.05904302019315,45.85588235294118,9594.485294117649,28.64025460930641,47.90735294117647,102.35507246376805,0.30553752974259135,0.25362318840579706,8162.134484228473,24.36458054993574,46.10950554134698,9696.840366581406,28.945792139049,48.16097612958227,400,738652.0,1846.63,695052.0,1737.63,9580.0,23.95,10221.352941176474,25.553382352941178,45.61911764705882,10862.529411764712,27.156323529411765,47.22205882352941,347.1014492753658,0.8677536231884058,3.55615942028985,10568.454390451838,26.42113597612958,45.872740835464626,11209.63086104007,28.02407715260017,47.475682011935206,400,30217.0,75.5425,1094.8188405797146,2.737047101449275,3.6249999999999982,738652.0,1846.63,695052.0,1737.63,10862.529411764712,27.156323529411765,47.22205882352941,10221.352941176474,25.553382352941178,45.61911764705882,11957.348252344404,29.89337063086104,50.41823316283033,11316.171781756178,28.290429454390452,48.815291986359746
Qwen 0.8B,Summary,base,13.4,68.0,27.6,50.934081055820194,54.0,32.68177876873529,69.09090909090908,0.7097191901531903,0,64.37628991019938,402,213917.0,532.1318407960199,62096.0,154.46766169154228,13176.0,32.776119402985074,913.1764705882355,2.2715832601697397,7.862499999999998,3145.838235294119,7.825468247000293,9.941176470588236,477.39130434782993,1.1875405580791694,9.96920289855071,1390.5677749360605,3.459123818248909,11.582438192668356,3623.2295396419427,9.013008805079462,16.111114663256586,67,31162.0,465.1044776119403,6793.0,101.38805970149254,10628.0,158.62686567164178,99.89705882352943,1.4910008779631256,1.613235294117647,458.26470588235304,6.8397717295873575,9.87794117647059,385.0724637681162,5.747350205494268,17.177536231884048,484.96952259164516,7.238351083457393,18.77826086956521,843.3371696504686,12.587121935081624,26.97165387894287,335,182755.0,545.5373134328358,55303.0,165.08358208955224,2548.0,7.605970149253731,813.2794117647063,2.4276997366110624,8.022058823529413,2687.5735294117653,8.02260755048288,9.941176470588236,92.31884057971008,0.2755786285961496,0.25362318840579706,905.5982523444154,2.703278365207212,8.27568201193521,2779.892369991476,8.298186179079028,10.194799658994032,67,33441.0,499.1194029850746,27880.0,416.1194029850746,469.0,7.0,409.99999999999994,6.119402985074627,8.68235294117647,491.779411764706,7.339991220368744,9.902941176470588,16.992753623188396,0.25362318840579706,0.25362318840579706,426.9927536231884,6.373026173480424,8.935976129582267,508.7721653878942,7.593614408774542,10.156564364876385,67,10628.0,158.62686567164178,385.0724637681162,5.747350205494268,17.177536231884048,33441.0,499.1194029850746,27880.0,416.1194029850746,491.779411764706,7.339991220368744,9.902941176470588,409.99999999999994,6.119402985074627,8.68235294117647,876.8518755328217,13.087341425863013,27.00988917306052,795.072463768116,11.866753190568895,25.789300937766402
Qwen 0.8B,Summary,20,20,68.0,27.6,54.28958590429178,56.49999999999999,33.83107088989442,79.54545454545453,0.6913813721945657,3,64.37628991019938,435,287656.0,661.2781609195403,88776.0,204.08275862068965,32252.0,74.14252873563218,1305.5294117647065,3.001217038539554,10.994117647058822,4230.235294117649,9.724678837052062,13.89705882352941,1168.550724637674,2.6863235049142093,20.44565217391304,2474.0801364023832,5.687540543453763,22.509398976982013,5398.78601875533,12.411002341966272,31.432203751065643,100,59261.0,592.61,14458.0,144.58,29704.0,297.04,212.61764705882362,2.126176470588235,8.966176470588232,871.4852941176467,8.71485294117647,13.251470588235295,1076.23188405797,10.76231884057971,26.286231884057965,1288.8495311167949,12.888495311167945,29.252557544757032,1947.7171781756178,19.47717178175618,39.420055413469726,335,228395.0,681.776119402985,74318.0,221.84477611940298,2548.0,7.605970149253731,1092.9117647058833,3.2624231782265145,11.29264705882353,3358.749999999998,10.026119402985074,13.941176470588236,92.31884057971008,0.2755786285961496,0.25362318840579706,1185.2306052855918,3.538001806822664,11.546270247229327,3451.068840579713,10.301698031581225,14.194799658994032,100,62927.0,629.27,54627.0,546.27,4464.0,44.64,803.3382352941177,8.033382352941176,12.222058823529412,925.3970588235292,9.253970588235294,13.442647058823528,161.7391304347831,1.617391304347826,13.384057971014473,965.0773657289006,9.650773657289003,19.656116794543873,1087.136189258312,10.87136189258312,20.876705029837996,100,29704.0,297.04,1076.23188405797,10.76231884057971,26.286231884057965,62927.0,629.27,54627.0,546.27,925.3970588235292,9.253970588235294,13.442647058823528,803.3382352941177,8.033382352941176,12.222058823529412,2001.6289428815005,20.016289428815004,39.717114236999144,1879.5701193520888,18.795701193520888,38.49652600170502
Qwen 0.8B,Summary,40,40,68.0,27.6,42.120824595634495,38.5,40.497091485986246,59.310344827586206,0.6061971711035251,88,64.37628991019938,535,563612.0,1053.4803738317758,221952.0,414.86355140186913,97394.0,182.04485981308412,3263.9999999999973,6.100934579439253,21.332352941176467,8288.411764705881,15.492358438702583,24.916176470588233,3528.768115942044,6.59582825409725,27.826086956521742,6792.768115942032,12.696762833536502,29.267263427109974,11817.179880647906,22.088186692799834,49.837851662404084,200,196737.0,983.685,46833.0,234.165,94766.0,473.83,688.7205882352927,3.443602941176471,16.32647058823526,2893.1911764705887,14.465955882352942,23.84485294117647,3433.5507246376756,17.167753623188407,27.82608695652174,4122.271312872977,20.611356564364876,41.00476342710996,6326.741901108269,31.633709505541347,51.670939897698204,335,366875.0,1095.1492537313434,175119.0,522.7432835820896,2628.0,7.844776119402985,2575.2794117647054,7.687401229148375,22.339705882352945,5395.220588235295,16.10513608428446,25.107352941176472,95.21739130434777,0.2842310188189487,0.25362318840579706,2670.4968030690525,7.9716322479673245,22.59332907075874,5490.4379795396435,16.38936710310341,25.36097612958227,200,204752.0,1023.76,188152.0,940.76,14741.0,73.705,2766.941176470588,13.83470588235294,23.240441176470586,3011.0588235294113,15.055294117647058,24.461029411764702,534.0942028985519,2.6704710144927537,27.82608695652174,3301.035379369139,16.505176896845693,41.00476342710996,3545.153026427962,17.725765132139813,42.22535166240407,200,94766.0,473.83,3433.5507246376756,17.167753623188407,27.82608695652174,204752.0,1023.76,188152.0,940.76,3011.0588235294113,15.055294117647058,24.461029411764702,2766.941176470588,13.83470588235294,23.240441176470586,6444.609548167092,32.22304774083546,52.28711636828645,6200.491901108271,31.002459505541346,51.066528132992325
Qwen 0.8B,Summary,60,60,68.0,27.6,41.59803949311247,43.0,32.67363945393136,50.864197530864196,0.5268976282432434,164,64.37628991019938,635,919951.0,1448.7417322834647,435231.0,685.4031496062992,154775.0,243.74015748031496,6400.455882352936,10.079458082445576,32.39117647058823,13528.691176470586,21.30502547475683,35.73529411764706,5607.78985507251,8.831165126098368,27.826086956521742,12008.24573742537,18.910623208543946,36.05362318840578,19136.481031543055,30.1361906008552,60.629028132992325,300,414316.0,1381.0533333333333,107579.0,358.5966666666667,152107.0,507.0233333333333,1582.044117647066,5.273480392156863,25.496323529411764,6092.882352941173,20.309607843137254,35.017647058823535,5511.123188405805,18.37041062801932,27.82608695652174,7093.167306052856,23.643891020176184,45.70402813299235,11604.005541346973,38.68001847115658,62.756969309462924,335,505635.0,1509.358208955224,327652.0,978.065671641791,2668.0,7.964179104477612,4818.411764705883,14.383318700614574,34.07205882352942,7435.8088235294135,22.19644424934153,36.34852941176471,96.66666666666661,0.2885572139303482,0.25362318840579706,4915.07843137255,14.671875914544922,34.325682011935214,7532.475490196084,22.485001463271875,36.602152600170506,300,426558.0,1421.86,401658.0,1338.86,30320.0,101.06666666666666,5906.735294117648,19.689117647058822,34.4279411764706,6272.911764705882,20.90970588235294,35.648529411764706,1098.5507246376749,3.6618357487922704,27.82608695652174,7005.286018755328,23.350953395851093,45.70402813299235,7371.462489343568,24.571541631145212,46.92461636828646,300,152107.0,507.0233333333333,5511.123188405805,18.37041062801932,27.82608695652174,426558.0,1421.86,401658.0,1338.86,6272.911764705882,20.90970588235294,35.648529411764706,5906.735294117648,19.689117647058822,34.4279411764706,11784.03495311168,39.28011651037227,63.26505754475704,11417.858482523437,38.059528275078144,62.04446930946291
Qwen 0.8B,Summary,80,80,68.0,27.6,34.31871347378146,36.5,27.524752475247528,36.91683569979716,0.46267603971148963,228,64.37628991019938,735,1355376.0,1844.0489795918368,728276.0,990.8517006802721,204657.0,278.44489795918366,10709.941176470642,14.571348539415766,43.55294117647057,19932.000000000015,27.118367346938776,46.891176470588235,7415.108695652246,10.088583259390713,27.826086956521742,18125.04987212272,24.65993179880648,46.48744671781756,27347.108695652198,37.206950606329485,71.60255754475702,400,711661.0,1779.1525,180341.0,450.8525,201909.0,504.7725,2652.073529411764,6.6301838235294115,33.222794117647055,10465.602941176472,26.164007352941177,46.19411764705882,7315.543478260897,18.288858695652173,27.82608695652174,9967.617007672605,24.919042519181584,48.666528132992326,17781.146419437344,44.45286604859335,73.93343989769821,335,643715.0,1921.5373134328358,547935.0,1635.6268656716418,2748.0,8.202985074626866,8057.8676470588325,24.053336259877085,45.85588235294118,9466.397058823535,28.25790166812994,47.525000000000006,99.56521739130429,0.2972096041531473,0.25362318840579706,8157.432864450128,24.35054586403023,46.10950554134698,9565.962276214837,28.555111272283085,47.7786231884058,400,728252.0,1820.63,695052.0,1737.63,37846.0,94.615,10221.352941176474,25.553382352941178,45.61911764705882,10709.588235294123,26.773970588235294,46.83970588235294,1371.231884057961,3.428079710144927,27.82608695652174,11592.584825234442,28.981462063086102,48.666528132992326,12080.8201193521,30.20205029838022,49.88711636828644,400,201909.0,504.7725,7315.543478260897,18.288858695652173,27.82608695652174,728252.0,1820.63,695052.0,1737.63,10709.588235294123,26.773970588235294,46.83970588235294,10221.352941176474,25.553382352941178,45.61911764705882,18025.131713554987,45.06282928388747,74.6224104859335,17536.89641943735,43.84224104859335,73.40182225063938
Qwen 0.8B,k=2,base,13.4,68.0,27.6,60.513049773116514,70.5,28.336070060207984,74.19354838709677,0.794333957277661,0,70.776492476398,402,233461.0,580.7487562189054,48015.0,119.44029850746269,7442.0,18.512437810945272,706.1029411764704,1.756474978050922,5.299999999999991,3433.249999999999,8.54042288557214,12.014705882352942,269.63768115942287,0.6707405003965679,3.514492753623188,975.7406223358902,2.4272154784474895,5.990579710144926,3702.8876811594178,9.211163385968707,12.341858482523444,67,32940.0,491.64179104477614,5788.0,86.38805970149254,4516.0,67.40298507462687,85.11764705882358,1.2704126426690079,1.3926470588235293,484.4117647058822,7.230026338893766,10.458823529411763,163.62318840579712,2.4421371403850314,4.329710144927535,248.7408354646206,3.712549783054039,5.6164748508098885,648.0349531116793,9.672163479278797,14.509548167092921,335,200521.0,598.5701492537313,42227.0,126.05074626865671,2926.0,8.734328358208955,620.9852941176472,1.8536874451273047,5.876470588235294,2948.8382352941176,8.802502194907813,12.019117647058826,106.01449275362312,0.31646117239887517,0.25362318840579706,726.9997868712697,2.1701486175261797,6.130093776641091,3054.8527280477388,9.118963367306689,12.287446717817561,67,35775.0,533.955223880597,18679.0,278.7910447761194,469.0,7.0,274.6911764705883,4.099868305531167,8.129411764705882,526.1029411764706,7.852282704126427,11.391176470588235,16.992753623188396,0.25362318840579706,0.25362318840579706,291.6839300937768,4.353491493936964,8.383034953111679,543.095694799659,8.105905892532224,11.644799658994032,67,4516.0,67.40298507462687,163.62318840579712,2.4421371403850314,4.329710144927535,35775.0,533.955223880597,18679.0,278.7910447761194,526.1029411764706,7.852282704126427,11.391176470588235,274.6911764705883,4.099868305531167,8.129411764705882,689.7261295822675,10.294419844511458,14.69742114236999,438.3143648763855,6.542005445916199,12.278665814151745
Qwen 0.8B,k=2,20,20,68.0,27.6,61.10568729516097,61.0,48.12801233853865,83.1578947368421,0.7847633453661533,0,70.776492476398,435,302783.0,696.0528735632184,65170.0,149.816091954023,10406.0,23.92183908045977,958.3823529411771,2.2031778228532795,8.704411764705881,4452.691176470584,10.236071670047329,15.235294117647058,377.0289855072496,0.8667333000166583,3.623188405797101,1335.4113384484208,3.0699111228699376,9.365302642796221,4829.720161977835,11.102804970063987,15.873124467178176,100,62467.0,624.67,11767.0,117.67,7584.0,75.84,173.0441176470589,1.7304411764705883,3.938970588235289,918.6323529411769,9.186323529411764,14.369852941176468,274.7826086956524,2.7478260869565214,4.025362318840579,447.826726342711,4.47826726342711,7.477813299232731,1193.4149616368284,11.934149616368286,18.641858482523446,335,240316.0,717.3611940298507,53403.0,159.41194029850746,2822.0,8.423880597014925,785.3382352941178,2.344293239683933,9.529411764705882,3534.058823529411,10.549429323968393,15.254411764705882,102.24637681159413,0.3052130651092364,0.25362318840579706,887.5846121057111,2.6495063047931695,9.78303495311168,3636.305200341007,10.854642389077629,15.508034953111679,100,66087.0,660.87,35901.0,359.01,1476.0,14.76,527.9558823529411,5.2795588235294115,11.867647058823529,971.867647058824,9.718676470588235,14.566911764705882,53.478260869565204,0.5347826086956521,3.3351449275362315,581.4341432225066,5.8143414322250635,12.554614236999148,1025.3459079283884,10.253459079283887,15.604358482523443,100,7584.0,75.84,274.7826086956524,2.7478260869565214,4.025362318840579,66087.0,660.87,35901.0,359.01,971.867647058824,9.718676470588235,14.566911764705882,527.9558823529411,5.2795588235294115,11.867647058823529,1246.6502557544754,12.466502557544757,17.6304347826087,802.7384910485933,8.027384910485933,15.545748081841431
Qwen 0.8B,k=2,40,40,68.0,27.6,62.364567569252635,56.49999999999999,60.07588685732145,89.63730569948186,0.7578728209349337,1,70.776492476398,535,578287.0,1080.9102803738317,140019.0,261.7177570093458,19679.0,36.78317757009346,2059.1029411764716,3.848790544255085,18.954411764705867,8504.220588235294,15.895739417262233,25.53676470588235,713.0072463768105,1.332723825003386,3.3695652173913047,2772.1101875532786,5.181514369258471,19.697740835464618,9217.22783461211,17.22846324226562,26.3642156862745,200,202524.0,1012.62,32496.0,162.48,16636.0,83.18,477.88235294117584,2.3894117647058826,13.090441176470573,2978.2941176470576,14.891470588235293,24.51764705882353,602.7536231884058,3.0137681159420286,3.8423913043478253,1080.6359761295803,5.403179880647911,15.610976129582262,3581.047740835464,17.90523870417732,27.90906862745098,335,375763.0,1121.6805970149253,107523.0,320.96417910447764,3043.0,9.08358208955224,1581.2205882352926,4.7200614574187885,20.252941176470593,5525.926470588232,16.495302897278314,25.735294117647058,110.25362318840573,0.32911529309971876,0.25362318840579706,1691.4742114236992,5.049176750518507,20.50656436487639,5636.180093776643,16.824418190378033,25.993329070758737,200,210493.0,1052.465,111099.0,555.495,4064.0,20.32,1633.8088235294115,8.16904411764706,21.869852941176468,3095.485294117647,15.477426470588235,24.75220588235294,147.2463768115944,0.7362318840579709,3.333333333333333,1781.0552003410064,8.90527600170503,22.730093776641088,3242.7316709292404,16.213658354646206,25.550106564364867,200,16636.0,83.18,602.7536231884058,3.0137681159420286,3.8423913043478253,210493.0,1052.465,111099.0,555.495,3095.485294117647,15.477426470588235,24.75220588235294,1633.8088235294115,8.16904411764706,21.869852941176468,3698.2389173060533,18.491194586530263,28.08553921568627,2236.5624467178177,11.182812233589088,25.27303921568626
Qwen 0.8B,k=2,60,60,68.0,27.6,58.25098909164307,52.5,51.92542233515864,91.7975567190227,0.7278747152085557,2,70.776492476398,635,938406.0,1477.804724409449,255364.0,402.14803149606297,28734.0,45.2503937007874,3755.35294117646,5.913941639647986,29.34705882352941,13800.088235294103,21.73242241778601,36.35294117647059,1041.086956521736,1.6395070181444709,3.344202898550723,4796.43989769821,7.5534486577924564,30.12715260017049,14841.175191815853,23.371929435930483,37.78744671781756,300,423222.0,1410.74,67099.0,223.66333333333333,25878.0,86.26,986.7500000000047,3.2891666666666666,18.815441176470593,6223.852941176472,20.746176470588235,35.23676470588235,937.6086956521765,3.1253623188405792,3.7355072463768124,1924.3586956521692,6.414528985507246,20.81684782608696,7161.461636828644,23.871538789428815,38.57009803921569,335,515184.0,1537.8626865671642,188265.0,561.9850746268656,2856.0,8.525373134328358,2768.6029411764703,8.264486391571554,32.195588235294125,7576.235294117646,22.615627743634768,36.5,103.47826086956515,0.308890330953926,0.25362318840579706,2872.081202046032,8.573376722525479,32.44921142369992,7679.713554987212,22.924518074588693,36.7536231884058,300,435418.0,1451.3933333333334,226671.0,755.57,7844.0,26.14666666666667,3333.39705882353,11.111323529411765,32.44117647058823,6403.20588235294,21.344019607843137,36.12132352941177,284.2028985507268,0.947342995169082,3.333333333333333,3617.5999573742506,12.058666524580847,33.44406436487639,6687.4087809036655,22.291362603012217,36.564652600170504,300,25878.0,86.26,937.6086956521765,3.1253623188405792,3.7355072463768124,435418.0,1451.3933333333334,226671.0,755.57,6403.20588235294,21.344019607843137,36.12132352941177,3333.39705882353,11.111323529411765,32.44117647058823,7340.814578005114,24.469381926683717,39.4546568627451,4271.005754475703,14.236685848252344,35.77450980392157
Qwen 0.8B,k=2,80,80,68.0,27.6,66.93901838765713,56.49999999999999,76.61500445023742,92.5684485006519,0.7018829835318876,4,70.776492476398,735,1376114.0,1872.2639455782312,410243.0,558.1537414965986,37422.0,50.91428571428571,6032.985294117668,8.208143257302922,39.483823529411765,20236.970588235294,27.53329331732693,47.05882352941177,1355.8695652173803,1.8447204968944098,3.333333333333333,7388.854859335051,10.05286375419733,40.69185848252344,21592.840153452693,29.37801381422134,49.1656862745098,400,723202.0,1808.005,106710.0,266.775,34417.0,86.0425,1569.2647058823595,3.9231617647058825,23.680147058823486,10635.323529411771,26.588308823529413,46.73823529411764,1246.9927536231871,3.1174818840579706,3.518115942028982,2816.2574595055326,7.0406436487638535,26.978612531969297,11882.316283034952,29.705790707587383,50.07156862745098,335,652912.0,1948.9910447761195,303533.0,906.0686567164179,3005.0,8.970149253731343,4463.720588235296,13.324539069359087,43.84852941176471,9601.647058823524,28.66163301141352,48.06323529411765,108.87681159420282,0.3250054077438892,0.25362318840579706,4572.597399829498,13.649544477102976,44.10215260017051,9710.52387041773,28.98663841915741,48.31685848252345,400,739747.0,1849.3675,381899.0,954.7475,10548.0,26.37,5616.161764705882,14.040404411764706,43.06102941176471,10878.632352941171,27.19658088235294,47.03014705882353,382.1739130434812,0.9554347826086955,3.518115942028982,5998.33567774936,14.995839194373401,43.37252770673486,11260.806265984647,28.152015664961638,47.28377024722933,400,34417.0,86.0425,1246.9927536231871,3.1174818840579706,3.518115942028982,739747.0,1849.3675,381899.0,954.7475,10878.632352941171,27.19658088235294,47.03014705882353,5616.161764705882,14.040404411764706,43.06102941176471,12125.625106564368,30.314062766410913,50.363480392156866,6863.154518329074,17.157886295822678,46.39436274509804
Qwen 0.8B,k=5,base,13.4,68.0,27.6,47.35826541546254,51.5,30.881605351170567,58.252427184466015,0.8110319959137933,0,66.6813049545039,402,262346.0,652.6019900497513,49575.0,123.32089552238806,5345.0,13.296019900497512,729.0441176470586,1.813542581211589,5.113970588235293,3858.0294117647045,9.59708808896693,14.675735294117645,193.6594202898565,0.48173985146730114,2.6014492753623175,922.7035379369134,2.2952824326788903,5.444181585677749,4051.688832054561,10.07882794043423,15.135240835464622,67,36108.0,538.9253731343283,5788.0,86.38805970149254,2943.0,43.92537313432836,85.11764705882358,1.2704126426690079,1.3926470588235293,531.0,7.925373134328359,12.33970588235294,106.63043478260869,1.5914990266060998,4.010869565217391,191.74808184143222,2.861911669275108,5.359398976982096,637.6304347826085,9.516872160934458,16.19047314578005,335,226238.0,675.3373134328358,43787.0,130.70746268656717,2402.0,7.170149253731343,643.9264705882351,1.9221685689201053,5.330882352941179,3327.0294117647063,9.931431079894644,14.85735294117647,87.02898550724632,0.25978801643954136,0.25362318840579706,730.9554560954817,2.1819565853596465,5.584505541346976,3414.0583972719505,10.191219096334185,15.110976129582268,67,39573.0,590.6417910447761,20239.0,302.07462686567163,469.0,7.0,297.6323529411766,4.442273924495171,7.595588235294116,581.9558823529411,8.685908691834943,14.186764705882354,16.992753623188396,0.25362318840579706,0.25362318840579706,314.62510656436496,4.695897112900968,7.849211423699913,598.9486359761296,8.93953188024074,14.44038789428815,67,2943.0,43.92537313432836,106.63043478260869,1.5914990266060998,4.010869565217391,39573.0,590.6417910447761,20239.0,302.07462686567163,581.9558823529411,8.685908691834943,14.186764705882354,297.6323529411766,4.442273924495171,7.595588235294116,688.5863171355497,10.277407718441042,15.588661551577152,404.26278772378527,6.033772951101271,10.814002557544756
Qwen 0.8B,k=5,20,20,68.0,27.6,53.173704036119275,50.5,48.05923332239123,72.39263803680981,0.8037720706260032,0,66.6813049545039,435,328944.0,756.1931034482759,64548.0,148.38620689655173,8037.0,18.47586206896552,949.2352941176476,2.1821501014198783,6.533823529411758,4837.411764705881,11.120486815415822,18.170588235294115,291.1956521739158,0.669415292353823,3.550724637681159,1240.4309462915583,2.851565393773701,7.266858482523442,5128.6074168798,11.789902107769644,18.714151747655585,100,68751.0,687.51,10894.0,108.94,5635.0,56.35,160.20588235294122,1.6020588235294118,4.372058823529411,1011.044117647059,10.110441176470589,16.791176470588233,204.16666666666677,2.0416666666666665,3.8768115942028984,364.37254901960785,3.6437254901960783,6.622186700767262,1215.210784313725,12.152107843137255,19.678804347826087,335,260193.0,776.6955223880597,53654.0,160.16119402985075,2402.0,7.170149253731343,789.029411764706,2.3553116769095697,7.057352941176471,3826.367647058824,11.421992976294996,18.25,87.02898550724632,0.25978801643954136,0.25362318840579706,876.0583972719515,2.6150996933491113,7.310976129582268,3913.396632566071,11.681780992734536,18.503623188405797,100,72371.0,723.71,35279.0,352.79,1147.0,11.47,518.8088235294116,5.188088235294118,10.706617647058822,1064.2794117647054,10.642794117647059,16.791176470588233,41.55797101449274,0.4155797101449275,0.40036231884057133,560.3667945439043,5.603667945439045,11.048476129582264,1105.8373827791988,11.058373827791986,17.39588661551577,100,5635.0,56.35,204.16666666666677,2.0416666666666665,3.8768115942028984,72371.0,723.71,35279.0,352.79,1064.2794117647054,10.642794117647059,16.791176470588233,518.8088235294116,5.188088235294118,10.706617647058822,1268.4460784313726,12.684460784313725,20.01492966751918,722.9754901960785,7.229754901960784,12.77304987212276
Qwen 0.8B,k=5,40,40,68.0,27.6,54.888788819619386,46.0,63.42344796140432,76.21951219512195,0.8107186512735458,3,66.6813049545039,535,614387.0,1148.3869158878504,116292.0,217.36822429906542,14298.0,26.725233644859813,1710.1764705882372,3.1965915338097854,10.992647058823525,9035.102941176472,16.888042880703683,26.558823529411764,518.0434782608729,0.9683055668427467,3.333333333333333,2228.219948849101,4.164897100652532,11.30353793691389,9553.146419437338,17.85634844754643,27.68009377664109,200,215875.0,1079.375,29666.0,148.33,11861.0,59.305,436.26470588235213,2.1813235294117646,6.269852941176469,3174.632352941177,15.873161764705882,26.272794117647056,429.74637681159476,2.148731884057971,3.554347826086955,866.0110826939462,4.3300554134697355,9.448561381074168,3604.3787297527706,18.021893648763854,28.398774509803918,335,398512.0,1189.5880597014925,86626.0,258.58507462686566,2437.0,7.2746268656716415,1273.9117647058815,3.802721685689201,15.541176470588248,5860.470588235287,17.493942054433713,26.57794117647059,88.2971014492753,0.263573437162016,0.25362318840579706,1362.208866155157,4.066295122851217,15.794799658994044,5948.767689684571,17.75751549159573,26.831564364876385,200,223844.0,1119.22,87372.0,436.86,3035.0,15.175,1284.8823529411768,6.424411764705883,19.5220588235294,3291.8235294117626,16.459117647058825,26.23749999999999,109.96376811594199,0.5498188405797101,3.333333333333333,1394.8461210571186,6.974230605285593,19.775682011935196,3401.7872975277064,17.008936487638532,26.841858482523445,200,11861.0,59.305,429.74637681159476,2.148731884057971,3.554347826086955,223844.0,1119.22,87372.0,436.86,3291.8235294117626,16.459117647058825,26.23749999999999,1284.8823529411768,6.424411764705883,19.5220588235294,3721.5699062233566,18.607849531116795,29.0906862745098,1714.6287297527713,8.573143648763853,21.534505541346974
Qwen 0.8B,k=5,60,60,68.0,27.6,49.81326697625317,46.0,51.30204749684939,62.585034013605444,0.8123229004512228,7,66.6813049545039,635,975793.0,1536.6818897637795,183134.0,288.4,19117.0,30.10551181102362,2693.147058823524,4.241176470588235,19.414705882352912,14349.897058823519,22.598263084761463,37.38382352941176,692.6449275362262,1.0907794134428848,3.333333333333333,3385.791986359755,5.33195588403112,19.66832907075871,15042.54198635975,23.689042498204348,38.3271526001705,300,441849.0,1472.83,52532.0,175.10666666666665,16680.0,55.6,772.5294117647095,2.5750980392156864,6.471323529411765,6497.779411764706,21.659264705882354,36.654411764705884,604.3478260869563,2.014492753623188,3.369565217391304,1376.8772378516592,4.589590792838875,9.336402387041778,7102.12723785166,23.67375745950554,38.956990622335894,335,533944.0,1593.8626865671642,130602.0,389.85671641791043,2437.0,7.2746268656716415,1920.617647058822,5.733187006145742,25.791176470588248,7852.117647058821,23.439157155399474,37.622058823529414,88.2971014492753,0.263573437162016,0.25362318840579706,2008.9147485080985,5.996760443307758,26.044799658994044,7940.414748508106,23.70273059256149,37.87568201193521,300,454045.0,1513.4833333333333,154441.0,514.8033333333333,5335.0,17.783333333333335,2271.191176470588,7.5706372549019605,27.77500000000001,6677.132352941174,22.257107843137256,37.00514705882353,193.29710144927702,0.6443236714975845,3.333333333333333,2464.488277919863,8.214960926399545,30.06318201193521,6870.429454390459,22.90143151463484,37.44721867007672,300,16680.0,55.6,604.3478260869563,2.014492753623188,3.369565217391304,454045.0,1513.4833333333333,154441.0,514.8033333333333,6677.132352941174,22.257107843137256,37.00514705882353,2271.191176470588,7.5706372549019605,27.77500000000001,7281.480179028141,24.271600596760443,39.20214194373402,2875.5390025575452,9.585130008525148,28.755818414322277
Qwen 0.8B,k=5,80,80,68.0,27.6,48.51905015627157,46.5,47.917896738160444,57.59717314487632,0.812398675760323,14,66.6813049545039,735,1421797.0,1934.41768707483,266731.0,362.89931972789117,24666.0,33.559183673469384,3922.514705882336,5.336754701880753,28.405882352941163,20908.779411764695,28.44731892757103,48.38235294117647,893.6956521739045,1.2159124519372966,3.333333333333333,4816.210358056284,6.5526671538180485,28.65950554134696,21802.475063938615,29.663231379508325,49.54038789428815,400,749058.0,1872.645,70794.0,176.985,22229.0,55.5725,1041.0882352941255,2.602720588235294,6.369117647058822,11015.558823529407,27.53889705882353,47.39411764705881,805.3985507246347,2.013496376811594,3.333333333333333,1846.4867860187496,4.616216965046888,8.554646206308608,11820.95737425405,29.552393435635125,50.248039215686276,335,672739.0,2008.176119402985,195937.0,584.8865671641792,2437.0,7.2746268656716415,2881.4264705882356,8.601273046532045,37.96323529411766,9893.220588235292,29.532001755926252,48.99264705882353,88.2971014492753,0.263573437162016,0.25362318840579706,2969.723572037511,8.86484648369406,38.216858482523456,9981.51768968456,29.79557519308827,49.246270247229326,400,765603.0,1914.0075,238387.0,595.9675,6342.0,15.855,3505.6911764705897,8.76422794117647,36.76617647058819,11258.867647058823,28.14716911764706,48.015441176470574,229.782608695655,0.5744565217391304,3.333333333333333,3735.47378516624,9.338684462915602,37.01979965899399,11488.650255754475,28.72162563938619,48.26906436487637,400,22229.0,55.5725,805.3985507246347,2.013496376811594,3.333333333333333,765603.0,1914.0075,238387.0,595.9675,11258.867647058823,28.14716911764706,48.015441176470574,3505.6911764705897,8.76422794117647,36.76617647058819,12064.266197783454,30.16066549445865,50.34215686274509,4311.089727195226,10.777724317988065,38.67346547314576
Qwen 0.8B,k=10,base,13.4,68.0,27.6,52.45363408521303,57.99999999999999,29.561904761904756,68.42105263157895,0.7948712419357737,0,67.55352315762535,402,278235.0,692.1268656716418,57074.0,141.97512437810946,6579.0,16.365671641791046,839.3235294117637,2.0878694761486685,7.955147058823526,4091.6911764705883,10.178336259877085,15.0,238.3695652173937,0.5929591174561972,3.295289855072463,1077.6930946291552,2.6808285936048657,8.208770247229323,4330.060741687984,10.771295377333283,15.384505541346973,67,38253.0,570.9402985074627,5788.0,86.38805970149254,3875.0,57.83582089552239,85.11764705882358,1.2704126426690079,1.3926470588235293,562.5441176470587,8.396180860403863,13.161764705882353,140.3985507246377,2.095500757084144,4.0724637681159415,225.5161977834612,3.3659133997531523,5.4283461210571184,702.9426683716966,10.491681617488007,17.40456095481671,335,239982.0,716.3641791044776,51286.0,153.09253731343284,2704.0,8.071641791044776,754.2058823529411,2.2513608428446004,8.630882352941176,3529.1470588235297,10.53476733977173,15.033823529411764,97.97101449275355,0.29245078953060777,0.25362318840579706,852.1768968456947,2.5438116323752085,8.884505541346973,3627.1180733162855,10.827218129302338,15.302152600170505,67,42157.0,629.2089552238806,27738.0,414.0,469.0,7.0,407.91176470588226,6.088235294117647,10.469117647058823,619.955882352941,9.25307287093942,14.376470588235293,16.992753623188396,0.25362318840579706,0.25362318840579706,424.90451832907075,6.341858482523444,10.72274083546462,636.9486359761296,9.506696059345217,14.63009377664109,67,3875.0,57.83582089552239,140.3985507246377,2.095500757084144,4.0724637681159415,42157.0,629.2089552238806,27738.0,414.0,619.955882352941,9.25307287093942,14.376470588235293,407.91176470588226,6.088235294117647,10.469117647058823,760.354433077579,11.348573628023566,18.175703324808172,548.3103154305202,8.183736051201791,13.742050298380219
Qwen 0.8B,k=10,20,20,68.0,27.6,56.9968243620786,53.0,53.32967032967033,79.09604519774011,0.7826779334019541,0,67.55352315762535,435,371122.0,853.1540229885057,80653.0,185.40919540229885,8991.0,20.66896551724138,1186.0735294117642,2.7266058147396888,10.34705882352941,5457.676470588228,12.546382691007437,22.0,325.7608695652202,0.7488755622188905,3.550724637681159,1511.8343989769796,3.4754813769585793,11.297655583972706,5783.437340153455,13.295258253226327,22.375682011935208,100,78031.0,780.31,12369.0,123.69,6388.0,63.88,181.89705882352953,1.8189705882352942,5.367647058823522,1147.5147058823534,11.475147058823529,20.902205882352938,231.44927536231896,2.3144927536231883,3.878623188405797,413.3463341858484,4.133463341858483,8.976342710997434,1378.963981244672,13.789639812446717,23.25540281329923,335,293091.0,874.8985074626866,68284.0,203.83283582089553,2603.0,7.7701492537313435,1004.1764705882357,2.9975417032484635,11.235294117647058,4310.16176470588,12.866154521510097,22.033823529411766,94.31159420289849,0.281527146874324,0.25362318840579706,1098.4880647911325,3.2790688501227874,11.488917306052855,4404.473358908782,13.14768166838442,22.287446717817563,100,81651.0,816.51,51384.0,513.84,1242.0,12.42,755.6470588235296,7.556470588235294,13.845588235294118,1200.7499999999998,12.0075,20.902205882352938,44.999999999999986,0.44999999999999996,3.2989130434782608,800.6470588235289,8.006470588235294,14.099211423699915,1245.75,12.4575,21.155829070758735,100,6388.0,63.88,231.44927536231896,2.3144927536231883,3.878623188405797,81651.0,816.51,51384.0,513.84,1200.7499999999998,12.0075,20.902205882352938,755.6470588235296,7.556470588235294,13.845588235294118,1432.1992753623188,14.321992753623189,23.312968883205453,987.096334185848,9.870963341858483,16.132438192668367
Qwen 0.8B,k=10,40,40,68.0,27.6,59.35553146815137,47.5,72.47240520221445,84.91620111731845,0.7888423731248333,4,67.55352315762535,535,682206.0,1275.151401869159,144053.0,269.25794392523363,17748.0,33.17383177570093,2118.426470588236,3.9596756459593183,12.577941176470587,10032.441176470591,18.752226498075867,31.323529411764707,643.0434782608695,1.201950426655831,3.3695652173913047,2761.4699488491005,5.1616260726151495,13.140387894288143,10675.484654731454,19.954176924731698,32.752152600170504,200,238780.0,1193.9,35415.0,177.075,15053.0,75.265,520.8088235294116,2.604044117647059,10.390441176470587,3511.470588235292,17.55735294117647,30.34485294117646,545.3985507246375,2.7269927536231884,3.6956521739130435,1066.2073742540479,5.331036871270247,12.971494032395555,4056.869138959931,20.284345694799658,33.71260656436486,335,443426.0,1323.6597014925374,108638.0,324.29253731343283,2695.0,8.044776119402986,1597.617647058822,4.76900790166813,12.886764705882355,6520.970588235295,19.46558384547849,31.42058823529412,97.64492753623182,0.2914773956305429,0.25362318840579706,1695.262574595055,5.060485297298673,13.140387894288152,6618.6155157715275,19.75706124110903,31.725682011935213,200,246749.0,1233.745,115133.0,575.665,3695.0,18.475,1693.1323529411768,8.465661764705882,15.894117647058764,3628.6617647058797,18.143308823529413,30.364705882352926,133.87681159420296,0.6693840579710144,3.333333333333333,1827.00916453538,9.135045822676897,19.099381926683712,3762.538576300084,18.812692881500425,31.40288789428815,200,15053.0,75.265,545.3985507246375,2.7269927536231884,3.6956521739130435,246749.0,1233.745,115133.0,575.665,3628.6617647058797,18.143308823529413,30.364705882352926,1693.1323529411768,8.465661764705882,15.894117647058764,4174.060315430518,20.8703015771526,33.758375959079274,2238.530903665814,11.19265451832907,19.44795396419435
Qwen 0.8B,k=10,60,60,68.0,27.6,61.96237496798796,48.0,79.65679914202488,88.32116788321167,0.797305531561573,3,67.55352315762535,635,1045401.0,1646.3007874015748,211897.0,333.696062992126,26125.0,41.14173228346457,3116.132352941166,4.907295044001852,12.827941176470587,15373.544117647061,24.21030569708198,40.08529411764706,946.5579710144899,1.490642474038571,3.3913043478260834,4062.6903239556673,6.397937518040424,14.750980392156851,16320.10208866154,25.700948171120555,41.91127450980392,300,474344.0,1581.1466666666668,61385.0,204.61666666666667,23571.0,78.57,902.720588235299,3.0090686274509806,11.191176470588236,6975.647058823531,23.2521568627451,39.474264705882355,854.0217391304358,2.8467391304347824,3.6594202898550723,1756.7423273657255,5.855807757885763,13.30245098039216,7829.668797953961,26.09889599317988,43.11738064791133,335,571057.0,1704.64776119403,150512.0,449.289552238806,2554.0,7.623880597014925,2213.4117647058806,6.607199297629499,17.207352941176527,8397.897058823532,25.06834942932397,40.444117647058825,92.53623188405791,0.2762275578628596,0.25362318840579706,2305.94799658994,6.883426855492359,17.46097612958232,8490.433290707591,25.344576987186826,40.69774083546462,300,486540.0,1621.8,183204.0,610.68,6629.0,22.096666666666668,2694.176470588235,8.980588235294118,21.955147058823577,7154.999999999999,23.85,39.47867647058823,240.18115942029183,0.8006038647342995,3.333333333333333,2934.357630008525,9.781192100028417,24.282289002557565,7395.181159420286,24.6506038647343,40.312446717817565,300,23571.0,78.57,854.0217391304358,2.8467391304347824,3.6594202898550723,486540.0,1621.8,183204.0,610.68,7154.999999999999,23.85,39.47867647058823,2694.176470588235,8.980588235294118,21.955147058823577,8009.021739130441,26.696739130434782,43.12179241261722,3548.1982097186687,11.8273273657289,25.177141943734036
Qwen 0.8B,k=10,80,80,68.0,27.6,58.131353361850834,39.0,85.33637235151292,89.31506849315069,0.8065751846002817,4,67.55352315762535,735,1499456.0,2040.0761904761905,290032.0,394.6013605442177,34709.0,47.22312925170068,4265.176470588225,5.80296118447379,13.233823529411751,22050.82352941174,30.00112044817927,50.46764705882352,1257.5724637681071,1.7109829439021984,3.333333333333333,5522.74893435636,7.513944128375988,15.546270247229323,23308.395993179878,31.71210339208147,52.55573316283035,400,792568.0,1981.42,87888.0,219.72,32155.0,80.3875,1292.470588235302,3.231176470588235,11.17720588235294,11655.411764705885,29.138529411764704,49.73382352941174,1165.0362318840578,2.9125905797101446,3.44565217391304,2457.5068201193444,6.14376705029838,14.0372335890878,12820.447996589935,32.05111999147485,53.06715686274507,335,706888.0,2110.1134328358207,202144.0,603.4149253731343,2554.0,7.623880597014925,2972.7058823529414,8.873748902546094,32.7,10395.411764705883,31.031079894644424,50.64558823529412,92.53623188405791,0.2762275578628596,0.25362318840579706,3065.242114236998,9.149976460408952,32.9536231884058,10487.947996589926,31.307307452507285,50.89921142369992,400,809113.0,2022.7825,261688.0,654.22,8464.0,21.16,3848.3529411764735,9.620882352941177,27.70808823529393,11898.720588235292,29.746801470588235,49.77867647058821,306.6666666666694,0.7666666666666666,3.333333333333333,4155.019607843136,10.387549019607842,27.961711423699725,12205.387254901954,30.5134681372549,50.58303495311167,400,32155.0,80.3875,1165.0362318840578,2.9125905797101446,3.44565217391304,809113.0,2022.7825,261688.0,654.22,11898.720588235292,29.746801470588235,49.77867647058821,3848.3529411764735,9.620882352941177,27.70808823529393,13063.756820119344,32.65939205029838,53.117892156862716,5013.389173060526,12.533472932651321,30.887436061381024
Granite 1B,Patch,base,13.4,25.7,16.4,55.276226678561734,61.5,30.985221674876843,70.86614173228347,0.7957441809387115,0,71.73720132957777,402,195779.0,487.0124378109453,39989.0,99.47512437810946,7417.0,18.450248756218905,1555.9922178988334,3.870627407708539,10.856031128404661,7617.859922178981,18.949900303927834,23.852140077821012,452.2560975609779,1.1250151680621285,5.545731707317072,2008.2483154598096,4.995642575770668,11.728385688526142,8070.116019739966,20.07491547198996,24.473521875296573,67,28749.0,429.089552238806,4702.0,70.17910447761194,4447.0,66.3731343283582,182.95719844357984,2.7307044543817875,3.089494163424124,1118.6381322957197,16.69609152680179,23.66536964980545,271.15853658536594,4.047142337095013,6.646341463414635,454.1157350289458,6.777846791476801,9.719085128594475,1389.796668881086,20.7432338638968,30.131939831071463,335,167030.0,498.5970149253731,35287.0,105.33432835820895,2970.0,8.865671641791044,1373.0350194552534,4.098611998373889,11.906614785992222,6499.2217898832605,19.400662059353042,23.852140077821012,181.09756097561058,0.5405897342555516,0.426829268292683,1554.1325804308635,4.639201732629441,12.333444054284907,6680.3193508588765,19.941251793608593,24.31787985195027,67,30713.0,458.4029850746269,14987.0,223.6865671641791,469.0,7.0,583.1517509727629,8.703757477205412,16.32295719844358,1195.0583657587547,17.836692026250073,23.84046692607004,28.597560975609742,0.426829268292683,0.426829268292683,611.7493119483723,9.130586745498096,16.74978646673626,1223.655926734365,18.263521294542755,24.26729619436272,67,4447.0,66.3731343283582,271.15853658536594,4.047142337095013,6.646341463414635,30713.0,458.4029850746269,14987.0,223.6865671641791,1195.0583657587547,17.836692026250073,23.84046692607004,583.1517509727629,8.703757477205412,16.32295719844358,1466.2169023441204,21.883834363345088,30.189095567998482,854.3102875581285,12.750899814300427,21.193034070418527
Granite 1B,Patch,20,20,25.7,16.4,59.656247692875596,61.0,44.72499077150239,79.16666666666667,0.7861691526796002,0,71.73720132957777,435,256904.0,590.583908045977,54934.0,126.28505747126437,10162.0,23.360919540229887,2137.509727626459,4.913815465807952,16.727626459143963,9996.264591439693,22.97991860101078,32.19066147859922,619.6341463414631,1.4244463134286516,5.548780487804878,2757.1438739679234,6.338261779236603,17.376245610705112,10615.89873778115,24.40436491443943,33.03283667077916,100,53362.0,533.62,8857.0,88.57,7112.0,71.12,344.6303501945528,3.4463035019455255,7.943579766536963,2076.342412451362,20.76342412451362,30.85603112840467,433.65853658536605,4.336585365853659,6.298780487804877,778.2888867799187,7.782888867799184,13.41004318117111,2510.0009490367274,25.100009490367277,36.190661478599225,335,203542.0,607.5880597014925,46077.0,137.54328358208954,3050.0,9.104477611940299,1792.8793774319065,5.351878738602706,18.498054474708177,7919.922178988331,23.641558743248737,32.33463035019455,185.97560975609846,0.5551510738987987,0.426829268292683,1978.8549871880055,5.907029812501505,18.924883743000862,8105.89778874443,24.196709817147536,32.77313277023821,100,56417.0,564.17,29902.0,299.02,1356.0,13.56,1163.501945525292,11.635019455252918,24.692607003891048,2195.214007782102,21.952140077821014,31.361867704280158,82.68292682926831,0.826829268292683,5.070121951219512,1246.1848723545604,12.461848723545602,25.11943627218373,2277.896934611368,22.778969346113694,32.650564676852994,100,7112.0,71.12,433.65853658536605,4.336585365853659,6.298780487804877,56417.0,564.17,29902.0,299.02,2195.214007782102,21.952140077821014,31.361867704280158,1163.501945525292,11.635019455252918,24.692607003891048,2628.8725443674666,26.28872544367467,37.16275979880421,1597.1604821106575,15.971604821106578,28.764152510202145
Granite 1B,Patch,40,40,25.7,16.4,64.50922349220615,55.50000000000001,71.67627220716652,88.60103626943004,0.7319598280707555,0,71.73720132957777,535,483920.0,904.5233644859813,129710.0,242.44859813084113,17686.0,33.057943925233644,5047.081712062241,9.433797592639733,38.836575875486375,18829.571984435785,35.19546165315102,55.47081712062257,1078.4146341463402,2.015728288124003,5.140243902439021,6125.496346208602,11.449525880763735,39.500759229382176,19907.98661858215,37.21118994127503,57.05127170921513,200,169594.0,847.97,27443.0,137.215,14693.0,73.465,1067.8210116731514,5.339105058365758,18.37937743190653,6598.988326848251,32.99494163424124,53.284046692607006,895.9146341463443,4.479573170731707,5.804878048780484,1963.7356458194881,9.818678229097467,23.244471861060934,7494.902960994588,37.474514804972955,58.2230710828509,335,314326.0,938.2865671641791,102267.0,305.2746268656716,2993.0,8.934328358208955,3979.2607003891053,11.878390150415239,42.8910505836576,12230.583657587553,36.509204948022536,55.96498054474708,182.50000000000077,0.5447761194029851,0.426829268292683,4161.760700389105,12.423166269818225,43.31787985195029,12413.08365758755,37.05398106742552,56.43072031887634,200,176075.0,880.375,104647.0,523.235,3980.0,19.9,4071.8677042801555,20.35933852140078,46.661478599221795,6851.167315175096,34.255836575875485,54.564202334630345,242.68292682926898,1.2134146341463417,4.939024390243903,4314.550631109426,21.572753155547122,47.255623042611745,7093.850242004362,35.46925121002183,55.21865806206701,200,14693.0,73.465,895.9146341463443,4.479573170731707,5.804878048780484,176075.0,880.375,104647.0,523.235,6851.167315175096,34.255836575875485,54.564202334630345,4071.8677042801555,20.35933852140078,46.661478599221795,7747.081949321441,38.735409746607196,59.503226724874246,4967.7823384264975,24.838911692132488,51.600502989465696
Granite 1B,Patch,60,60,25.7,16.4,68.19390699601222,56.99999999999999,80.84609430529245,91.88255613126081,0.6744368127438651,2,71.73720132957777,635,775275.0,1220.9055118110236,252401.0,397.4818897637795,25373.0,39.95748031496063,9821.050583657592,15.466221391586753,60.984435797665355,30166.342412451373,47.50605104323049,78.49416342412451,1547.1341463414747,2.43643172652199,4.939024390243903,11368.184729999091,17.90265311810874,62.018268957008615,31713.476558792845,49.94248276975248,81.02116351902819,300,349941.0,1166.47,59395.0,197.98333333333332,22456.0,74.85333333333334,2311.089494163423,7.703631647211414,39.70038910505836,13616.381322957195,45.38793774319066,76.70428015564202,1369.268292682934,4.564227642276423,5.426829268292684,3680.357786846339,12.267859289487838,44.63941349530227,14985.649615640128,49.95216538546708,81.64330454588593,335,425334.0,1269.6537313432837,193006.0,576.1373134328359,2917.0,8.707462686567164,7509.961089494159,22.417794296997503,68.2762645914397,16549.961089494165,49.402868923863174,79.78210116731518,177.86585365853736,0.5309428467419003,0.426829268292683,7687.826943152696,22.948737143739404,68.70309385973238,16727.826943152693,49.933811770605075,80.32983771471956,300,359834.0,1199.4466666666667,227365.0,757.8833333333333,7105.0,23.683333333333334,8846.887159533073,29.489623865110246,68.83657587548639,14001.322957198452,46.67107652399481,77.97665369649806,433.23170731707484,1.4441056910569108,5.012195121951223,9280.118866850147,30.933729556167158,69.69105295624941,14434.554664515521,48.115182215051725,78.43072031887634,300,22456.0,74.85333333333334,1369.268292682934,4.564227642276423,5.426829268292684,359834.0,1199.4466666666667,227365.0,757.8833333333333,14001.322957198452,46.67107652399481,77.97665369649806,8846.887159533073,29.489623865110246,68.83657587548639,15370.591249881363,51.235304166271234,82.91567808674196,10216.155452216004,34.05385150738667,73.77560026573028
Granite 1B,Patch,80,80,25.7,16.4,68.77680996028586,55.50000000000001,85.68130916078395,93.70988446726572,0.6262080025773081,9,71.73720132957777,735,1129861.0,1537.225850340136,422333.0,574.6027210884354,33225.0,45.204081632653065,16433.19066147869,22.358082532623946,83.44747081712062,43963.46303501945,59.81423542179518,102.08560311284046,2025.914634146363,2.7563464410154306,4.939024390243903,18459.105295624966,25.114428973639377,84.05717946284518,45989.377669165806,62.570581862810606,104.71377052291923,400,594063.0,1485.1575,98061.0,245.1525,30224.0,75.56,3815.60311284044,9.539007782101168,49.93385214007778,23115.291828793765,57.78822957198444,100.36186770428014,1842.926829268306,4.607317073170732,5.0,5658.52994210878,14.1463248552719,51.64465692322278,24958.21865806207,62.39554664515517,105.30089209452404,335,535798.0,1599.3970149253732,324272.0,967.9761194029851,3001.0,8.958208955223881,12617.58754863813,37.664440443695916,92.81712062256811,20848.171206225692,62.233346884255766,103.43968871595332,182.9878048780496,0.5462322533673099,0.426829268292683,12800.575353516177,38.21067269706323,94.00659580525766,21031.15901110373,62.779579137623074,103.86651798424599,400,607385.0,1518.4625,397222.0,993.055,9540.0,23.85,15456.108949416339,38.64027237354086,91.17120622568092,23633.65758754864,59.084143968871594,101.9124513618677,581.707317073171,1.454268292682927,5.124999999999997,16037.81626648951,40.094540666223786,91.71282148619147,24215.364904621798,60.53841226155452,102.33928063016037,400,30224.0,75.56,1842.926829268306,4.607317073170732,5.0,607385.0,1518.4625,397222.0,993.055,23633.65758754864,59.084143968871594,101.9124513618677,15456.108949416339,38.64027237354086,91.17120622568092,25476.58441681692,63.69146104204233,106.8514757521116,17299.03577868464,43.247589446711586,96.11023061592482
Granite 1B,Summary,base,13.4,25.7,16.4,55.315976434009215,60.5,33.76882376882377,70.49180327868852,0.7858013979401605,0,69.89677377136731,402,186131.0,463.0124378109453,39869.0,99.17661691542288,17773.0,44.211442786069654,1551.3229571984439,3.859012331339412,10.856031128404661,7242.451361867702,18.016048163850012,22.91828793774319,1083.7195121951165,2.695819682077418,19.780487804878042,2635.042469393567,6.55483201341683,22.840799088924733,8326.170874062827,20.71186784592743,37.418620100597884,67,27141.0,405.089552238806,4702.0,70.17910447761194,12950.0,193.28358208955223,182.95719844357984,2.7307044543817875,3.089494163424124,1056.0700389105054,15.762239386723968,22.731517509727624,789.6341463414634,11.785584273753186,26.0,972.5913447850435,14.516288728134974,28.817120622568098,1845.704185251969,27.547823660477153,48.937743190661486,335,158990.0,474.5970149253731,35167.0,104.97611940298508,4823.0,14.397014925373135,1368.365758754864,4.084673906730937,11.906614785992222,6186.381322957194,18.46680991927522,22.91828793774319,294.08536585366005,0.8778667637422644,0.426829268292683,1662.451124608524,4.962540670473201,14.138891525102025,6480.466688810853,19.344676683017482,23.422938217709024,67,29105.0,434.4029850746269,14987.0,223.6865671641791,469.0,7.0,583.1517509727629,8.703757477205412,16.32295719844358,1132.4902723735408,16.902839886172252,22.90661478599222,28.597560975609742,0.426829268292683,0.426829268292683,611.7493119483723,9.130586745498096,16.74978646673626,1161.0878333491505,17.329669154464934,23.333444054284897,67,12950.0,193.28358208955223,789.6341463414634,11.785584273753186,26.0,29105.0,434.4029850746269,14987.0,223.6865671641791,1132.4902723735408,16.902839886172252,22.90661478599222,583.1517509727629,8.703757477205412,16.32295719844358,1922.1244187150044,28.68842415992544,48.759561545031794,1372.785897314226,20.489341750958598,40.655831830691845
Granite 1B,Summary,20,20,25.7,16.4,56.94769337150972,55.50000000000001,47.10414246999613,79.14438502673796,0.7775983510776422,1,69.89677377136731,435,246464.0,566.583908045977,54814.0,126.00919540229886,34941.0,80.32413793103449,2132.8404669260703,4.9030815331633795,16.727626459143963,9590.038910505833,22.04606646093296,31.2568093385214,2130.5487804878135,4.897813288477713,32.62804878048779,4263.389247413874,9.800894821641092,35.85173673721174,11720.587690993649,26.94387974941067,58.33621998671345,100,50962.0,509.62,8857.0,88.57,29947.0,299.47,344.6303501945528,3.4463035019455255,7.943579766536963,1982.95719844358,19.8295719844358,29.92217898832685,1826.0365853658543,18.260365853658538,37.96036585365854,2170.6669355604067,21.706669355604063,41.642865616399355,3808.993783809435,38.089937838094336,67.20770855082091,335,195502.0,583.5880597014925,45957.0,137.18507462686568,4994.0,14.907462686567165,1788.2101167315172,5.337940646959754,18.498054474708177,7607.081712062263,22.707706603170916,31.400778210116734,304.51219512195263,0.9089916272297053,0.426829268292683,2092.7223118534703,6.246932274189459,20.489086077631228,7911.593907184213,23.616698230400623,31.878191135996964,100,54017.0,540.17,29902.0,299.02,4063.0,40.63,1163.501945525292,11.635019455252918,24.692607003891048,2101.828793774318,21.018287937743192,30.428015564202337,247.74390243902494,2.477439024390244,19.149390243902413,1411.2458479643165,14.112458479643163,27.89611606719178,2349.5726962133435,23.495726962133435,36.23693888203469,100,29947.0,299.47,1826.0365853658543,18.260365853658538,37.96036585365854,54017.0,540.17,29902.0,299.02,2101.828793774318,21.018287937743192,30.428015564202337,1163.501945525292,11.635019455252918,24.692607003891048,3927.8653791401725,39.27865379140173,68.38643589256904,2989.538530891146,29.895385308911457,59.47886020689001
Granite 1B,Summary,40,40,25.7,16.4,46.38096849387172,42.5,43.6529062335514,66.45161290322581,0.7249087203871953,77,69.89677377136731,535,471080.0,880.5233644859813,129590.0,242.22429906542055,103830.0,194.07476635514018,5042.4124513618535,9.425070002545548,38.836575875486375,18329.961089494158,34.2616095130732,54.53696498054474,6331.097560975636,11.833827216776841,46.82926829268293,11373.510012337467,21.25889721932239,49.708645724589545,24661.058650469753,46.09543672985004,95.21837335104868,200,164794.0,823.97,27443.0,137.215,98992.0,494.96,1067.8210116731514,5.339105058365758,18.37937743190653,6412.217898832686,32.061089494163426,52.35019455252918,6036.097560975619,30.18048780487805,46.82926829268293,7103.918572648764,35.51959286324381,56.87320869317642,12448.315459808291,62.241577299041474,99.17946284521211,335,306286.0,914.2865671641791,102147.0,304.91641791044776,4838.0,14.441791044776119,3974.5914396887165,11.864452058772287,42.8910505836576,11917.743190661475,35.57535280794471,55.03112840466927,295.00000000000176,0.8805970149253732,0.426829268292683,4269.591439688716,12.74504907369766,43.31787985195029,12212.743190661484,36.45594982287009,55.535778684635105,200,171275.0,856.375,104647.0,523.235,17864.0,89.32,4071.8677042801555,20.35933852140078,46.661478599221795,6664.396887159532,33.32198443579767,53.63035019455253,1089.2682926829243,5.446341463414635,46.65548780487804,5161.135996963083,25.805679984815413,56.87320869317642,7753.665179842459,38.7683258992123,81.36560453639552,200,98992.0,494.96,6036.097560975619,30.18048780487805,46.82926829268293,171275.0,856.375,104647.0,523.235,6664.396887159532,33.32198443579767,53.63035019455253,4071.8677042801555,20.35933852140078,46.661478599221795,12700.49444813514,63.50247224067572,100.45961848723546,10107.965265255767,50.53982632627883,93.49074689190473
Granite 1B,Summary,60,60,25.7,16.4,41.44870887701534,43.5,29.724133328884584,52.784503631961265,0.6680666021959515,172,69.89677377136731,635,760035.0,1196.9055118110236,252281.0,397.29291338582675,177754.0,279.92755905511814,9816.381322957202,15.458868225129446,60.984435797665355,29573.346303501938,46.572198903152675,77.56031128404669,10838.658536585292,17.068753600921838,46.82926829268293,20655.039859542525,32.52762182605128,71.65436082376387,40412.00484008733,63.64095250407451,118.39347062731326,300,342741.0,1142.47,59395.0,197.98333333333332,173426.0,578.0866666666667,2311.089494163423,7.703631647211414,39.70038910505836,13336.225680933847,44.454085603112844,75.77042801556422,10574.756097560958,35.24918699186992,46.82926829268293,12885.845591724395,42.952818639081336,76.32537724209928,23910.981778494835,79.70327259498276,122.59969630824715,335,417294.0,1245.6537313432837,192886.0,575.7791044776119,4328.0,12.919402985074626,7505.29182879377,22.40385620535455,68.2762645914397,16237.12062256809,48.46901678378536,78.84824902723736,263.9024390243924,0.7877684746996725,0.426829268292683,7769.1942678181595,23.191624680054222,69.2322767391098,16501.023061592485,49.256785258485024,79.62138179747558,300,352634.0,1175.4466666666667,227365.0,757.8833333333333,39328.0,131.09333333333333,8846.887159533073,29.489623865110246,68.83657587548639,13721.167315175097,45.737224383916995,77.04280155642023,2398.048780487814,7.99349593495935,46.82926829268293,11244.935940020878,37.483119800069595,77.1321652272943,16119.216095662898,53.730720318876344,100.25922938217712,300,173426.0,578.0866666666667,10574.756097560958,35.24918699186992,46.82926829268293,352634.0,1175.4466666666667,227365.0,757.8833333333333,13721.167315175097,45.737224383916995,77.04280155642023,8846.887159533073,29.489623865110246,68.83657587548639,24295.923412736076,80.98641137578691,123.87206984910316,19421.643257094063,64.73881085698017,115.66584416816931
Granite 1B,Summary,80,80,25.7,16.4,37.29996939570158,40.5,24.821374703727646,45.29750479846448,0.6203874949313131,274,69.89677377136731,735,1112221.0,1513.225850340136,422213.0,574.439455782313,254594.0,346.3863945578231,16428.521400778303,22.351729796977157,83.44747081712062,43277.08171206229,58.88038328171736,101.15175097276264,15524.024390243701,21.121121619379462,46.82926829268293,31952.545791021967,43.47285141635662,91.6174907468919,58801.10610230615,80.00150490109682,142.0510581759514,400,584463.0,1461.1575,98061.0,245.1525,248434.0,621.085,3815.60311284044,9.539007782101168,49.93385214007778,22741.75097276265,56.85437743190661,99.42801556420233,15148.414634146266,37.87103658536586,46.82926829268293,18964.01774698675,47.41004436746702,87.26312043276076,37890.165606908995,94.72541401727247,146.25728385688527,335,527758.0,1575.3970149253732,324152.0,967.6179104477612,6160.0,18.388059701492537,12612.91828793774,37.65050235205297,92.81712062256811,20535.330739299618,61.29949474417794,102.50583657587549,375.60975609756326,1.121223152530033,0.426829268292683,12988.528044035296,38.771725504582996,94.09998101926544,20910.94049539717,62.42071789670798,103.2789693461137,400,597785.0,1494.4625,397222.0,993.055,57692.0,144.23,15456.108949416339,38.64027237354086,91.17120622568092,23260.11673151753,58.150291828793776,100.97859922178988,3517.804878048796,8.794512195121952,46.82926829268293,18973.913827465116,47.434784568662806,98.44539479927872,26777.921609566278,66.94480402391572,115.64249786466733,400,248434.0,621.085,15148.414634146266,37.87103658536586,46.82926829268293,597785.0,1494.4625,397222.0,993.055,23260.11673151753,58.150291828793776,100.97859922178988,15456.108949416339,38.64027237354086,91.17120622568092,38408.53136566381,96.02132841415964,147.80786751447283,30604.52358356268,76.51130895890671,138.00047451836386
Granite 1B,k=2,base,13.4,25.7,16.4,52.58205128205128,58.5,28.9025641025641,68.37606837606837,0.8307838489213973,1,69.73066820652639,402,202067.0,502.6542288557214,34193.0,85.05721393034825,6301.0,15.67412935323383,1330.4669260700407,3.309619219079699,7.509727626459144,7862.529182879376,19.558530305670093,27.509727626459146,384.20731707317304,0.95573959470938,5.0,1714.6742431432099,4.265358813789079,8.579303881560216,8246.736499952543,20.514269900379475,28.051342886969724,67,28537.0,425.92537313432837,3965.0,59.17910447761194,3586.0,53.52238805970149,154.28015564202335,2.302688890179453,2.6614785992217898,1110.3891050583657,16.572971717289043,23.77821011673152,218.65853658536585,3.2635602475427743,6.189024390243902,372.9386922273893,5.566249137722227,8.659841510866471,1329.0476416437314,19.836531964831817,29.901086647053237,335,173530.0,518.0,30228.0,90.23283582089552,2715.0,8.104477611940299,1176.1867704280157,3.511005284859748,7.673151750972765,6752.140077821011,20.155642023346303,27.587548638132297,165.54878048780517,0.4941754641427012,0.426829268292683,1341.7355509158206,4.00518074900245,8.30117680554238,6917.68885830881,20.649817487489006,28.014377906424976,67,30974.0,462.2985074626866,12886.0,192.32835820895522,469.0,7.0,501.4007782101165,7.483593704628608,15.035019455252918,1205.2140077821011,17.988268772867183,26.202334630350194,28.597560975609742,0.426829268292683,0.426829268292683,529.9983391857264,7.910422972921291,15.4618487235456,1233.8115687577113,18.415098041159865,26.629163898642876,67,3586.0,53.52238805970149,218.65853658536585,3.2635602475427743,6.189024390243902,30974.0,462.2985074626866,12886.0,192.32835820895522,1205.2140077821011,17.988268772867183,26.202334630350194,501.4007782101165,7.483593704628608,15.035019455252918,1423.872544367467,21.251829020409957,29.750379614691084,720.0593147954827,10.747153952171383,21.61381322957198
Granite 1B,k=2,20,20,25.7,16.4,50.878681714127524,50.5,33.79013669257572,80.87431693989072,0.8212021215274689,0,69.73066820652639,435,258493.0,594.2367816091954,46218.0,106.24827586206897,8677.0,19.94712643678161,1798.3657587548635,4.134174158057158,14.132295719844297,10058.093385213997,23.122053759112664,34.24124513618677,529.08536585366,1.2162881973647324,5.182926829268293,2327.4511246085226,5.35046235542189,14.559124988136983,10587.178751067693,24.338341956477393,35.119032931574445,100,53500.0,535.0,7989.0,79.89,6043.0,60.43,310.8560311284047,3.1085603112840468,6.852140077821012,2081.7120622568086,20.817120622568094,32.48443579766536,368.4756097560977,3.684756097560976,5.7926829268292686,679.3316408845023,6.793316408845023,11.644823004650279,2450.187672012907,24.50187672012907,37.57410790547594,335,204993.0,611.9194029850746,38229.0,114.11641791044777,2634.0,7.862686567164179,1487.5097276264594,4.440327545153609,15.894941634241247,7976.381322957205,23.810093501364772,34.33852140077821,160.6097560975612,0.47943210775391343,0.426829268292683,1648.11948372402,4.919759652907523,16.32177090253393,8136.991079054765,24.289525609118684,34.7653506690709,100,56508.0,565.08,24881.0,248.81,1309.0,13.09,968.1322957198445,9.681322957198445,23.94552529182879,2198.7548638132284,21.987548638132296,32.67315175097276,79.81707317073175,0.7981707317073171,4.759146341463415,1047.9493688905757,10.47949368890576,24.372354560121472,2278.571936983961,22.78571936983961,34.609708645724595,100,6043.0,60.43,368.4756097560977,3.684756097560976,5.7926829268292686,56508.0,565.08,24881.0,248.81,2198.7548638132284,21.987548638132296,32.67315175097276,968.1322957198445,9.681322957198445,23.94552529182879,2567.230473569326,25.672304735693274,36.07578058270855,1336.607905475942,13.36607905475942,28.579671633292204
Granite 1B,k=2,40,40,25.7,16.4,53.9153287555555,53.0,35.09204278502524,88.94878706199461,0.7891742145250655,0,69.73066820652639,535,482256.0,901.4130841121495,101672.0,190.0411214953271,15913.0,29.74392523364486,3956.108949416336,7.394596167133351,37.62645914396886,18764.824902723758,35.07443907051166,55.696498054474695,970.3048780487733,1.8136539776612721,4.878048780487806,4926.413827465116,9.208250144794622,38.39570086362342,19735.12978077252,36.88809304817293,56.78091487140552,200,169251.0,846.255,24210.0,121.05,13352.0,66.76,942.0233463035037,4.71011673151751,25.704280155641992,6585.6420233462995,32.92821011673152,53.66536964980544,814.1463414634137,4.070731707317074,5.3719512195121935,1756.1696877669162,8.780848438834584,29.440258137989904,7399.7883648097195,36.99894182404859,58.29951599126886,335,313005.0,934.3432835820895,77462.0,231.22985074626865,2561.0,7.6447761194029855,3014.0856031128424,8.997270457053256,42.45525291828794,12179.182879377437,36.35576978918637,56.159533073929964,156.1585365853659,0.46614488532945036,0.426829268292683,3170.244139698209,9.463415342382707,42.882082186580625,12335.341415962796,36.82191467451582,56.58636234222264,200,175685.0,878.425,80304.0,401.52,3397.0,16.985,3124.669260700389,15.623346303501945,45.97665369649805,6835.992217898831,34.179961089494164,54.126459143968866,207.13414634146383,1.0356707317073173,4.634146341463415,3331.8034070418544,16.659017035209263,46.96250118629591,7043.126364240295,35.215631821201484,54.63889152510201,200,13352.0,66.76,814.1463414634137,4.070731707317074,5.3719512195121935,175685.0,878.425,80304.0,401.52,6835.992217898831,34.179961089494164,54.126459143968866,3124.669260700389,15.623346303501945,45.97665369649805,7650.138559362254,38.25069279681124,58.64776501850621,3938.8156021638038,19.69407801081902,50.61080003796146
Granite 1B,k=2,60,60,25.7,16.4,51.16216885373528,47.5,36.88523455472608,89.6057347670251,0.7550410088606009,1,69.73066820652639,635,774101.0,1219.0566929133859,189623.0,298.61889763779527,23082.0,36.349606299212596,7378.326848249062,11.619412359447287,61.190661478599225,30120.661478599242,47.434112564723186,78.715953307393,1407.439024390252,2.2164394084885735,4.695121951219512,8785.765872639247,13.83585176793586,61.94044794533548,31528.100502989473,49.65055197321176,80.94583372876531,300,349568.0,1165.2266666666667,48996.0,163.32,20524.0,68.41333333333333,1906.4591439688627,6.3548638132295725,35.324902723735455,13601.867704280156,45.33955901426719,76.42412451361866,1251.4634146341498,4.171544715447155,5.009146341463417,3157.9225586030084,10.526408528676727,35.75173199202814,14853.331118914311,49.51110372971434,81.0582708550821,335,424533.0,1267.262686567164,140627.0,419.7820895522388,2558.0,7.635820895522388,5471.867704280153,16.333933445612406,67.38132295719845,16518.793774319063,49.30983216214647,79.11673151750972,155.9756097560976,0.46559883509282857,0.426829268292683,5627.843314036252,16.799532280705233,67.80815222549113,16674.76938407516,49.7754309972393,79.5435607858024,300,359414.0,1198.0466666666666,168282.0,560.94,6517.0,21.723333333333333,6547.93774319066,21.826459143968872,67.97859922178989,13984.980544747079,46.61660181582361,78.21984435797667,397.37804878048917,1.3245934959349595,4.695121951219512,6945.315791971146,23.15105263990383,68.46379424883743,14382.35859352757,47.94119531175857,78.83538957957671,300,20524.0,68.41333333333333,1251.4634146341498,4.171544715447155,5.009146341463417,359414.0,1198.0466666666666,168282.0,560.94,13984.980544747079,46.61660181582361,78.21984435797667,6547.93774319066,21.826459143968872,67.97859922178989,15236.443959381228,50.78814653127076,82.85399069944008,7799.40115782481,25.998003859416027,72.53881560216381
Granite 1B,k=2,80,80,25.7,16.4,55.458633650872876,54.50000000000001,36.51840557123345,90.86021505376344,0.726138411795527,6,69.73066820652639,735,1127953.0,1534.629931972789,308903.0,420.2761904761905,29901.0,40.68163265306122,12019.571984435846,16.353159162497683,82.3657587548638,43889.22178988327,59.71322692501125,101.47859922178989,1823.2317073170918,2.4805873568939774,4.634146341463415,13842.803691752844,18.83374651939166,84.15984151086647,45712.453497200375,62.193814281905226,104.20264306728671,400,593265.0,1483.1625,81351.0,203.3775,27347.0,68.3675,3165.408560311271,7.91352140077821,50.05058365758754,23084.24124513619,57.71060311284047,100.59143968871595,1667.5000000000116,4.16875,4.75609756097561,4832.908560311262,12.082271400778211,54.721315364904584,24751.741245136203,61.87935311284047,105.22558603017937,335,534688.0,1596.0835820895522,227552.0,679.2597014925373,2554.0,7.623880597014925,8854.163424124514,26.43033857947616,91.92217898832686,20804.98054474709,62.10441953655845,103.5136186770428,155.73170731707322,0.46487076811066624,0.426829268292683,9009.89513144159,26.895209347586828,92.34900825661954,20960.712252064146,62.56929030466912,103.94044794533548,400,606540.0,1516.35,287487.0,718.7175,8703.0,21.7575,11186.264591439673,27.965661478599223,90.27821011673151,23600.778210116732,59.00194552529183,101.4046692607004,530.6707317073179,1.326676829268293,4.695121951219512,11716.93532314702,29.292338307867514,90.70503938502421,24131.448941824045,60.328622354560125,101.83149852899308,400,27347.0,68.3675,1667.5000000000116,4.16875,4.75609756097561,606540.0,1516.35,287487.0,718.7175,23600.778210116732,59.00194552529183,101.4046692607004,11186.264591439673,27.965661478599223,90.27821011673151,25268.278210116732,63.17069552529183,106.03881560216382,12853.764591439716,32.134411478599226,94.91235645819495
Granite 1B,k=5,base,13.4,25.7,16.4,52.472379667116506,57.49999999999999,28.731623931623933,71.92982456140352,0.8551674906802739,0,67.37516838054592,402,226938.0,564.5223880597015,32868.0,81.76119402985074,5716.0,14.218905472636816,1278.9105058365776,3.18136941750392,6.645914396887157,8830.272373540867,21.965851675474767,33.268482490272376,348.5365853658557,0.8670064312583425,4.862804878048778,1627.4470912024285,4.048375848762262,8.204849577678656,9178.808958906699,22.83285810673311,34.45795767296194,67,31277.0,466.82089552238807,3965.0,59.17910447761194,3245.0,48.43283582089552,154.28015564202335,2.302688890179453,2.6614785992217898,1217.0038910505834,18.16423717985946,28.268482490272373,197.86585365853657,2.9532216963960685,6.23170731707317,352.14600930055997,5.255910586575522,8.733415583183067,1414.8697447091204,21.117458876255526,33.852756951694026,335,195661.0,584.0626865671642,28903.0,86.27761194029851,2471.0,7.376119402985075,1124.6303501945529,3.357105522968814,7.167315175097278,7613.268482490276,22.726174574597827,34.05836575875487,150.6707317073171,0.44976337823079726,0.426829268292683,1275.3010819018682,3.8068689011996106,7.594144443389961,7763.93921419759,23.175937952828626,34.485195027047546,67,34256.0,511.2835820895522,11561.0,172.55223880597015,469.0,7.0,449.8443579766538,6.714094895173936,15.645914396887157,1332.9182879377438,19.894302805040944,32.595330739299605,28.597560975609742,0.426829268292683,0.426829268292683,478.44191895226345,7.140924163466619,16.07274366517984,1361.515848913353,20.321132073333626,33.02216000759229,67,3245.0,48.43283582089552,197.86585365853657,2.9532216963960685,6.23170731707317,34256.0,511.2835820895522,11561.0,172.55223880597015,1332.9182879377438,19.894302805040944,32.595330739299605,449.8443579766538,6.714094895173936,15.645914396887157,1530.7841415962807,22.84752450143701,33.76245610705134,647.7102116351904,9.667316591570005,17.5677849482775
Granite 1B,k=5,20,20,25.7,16.4,58.29368907037487,59.5,42.37475628149947,80.0,0.8515588877586587,0,67.37516838054592,435,281162.0,646.3494252873563,41736.0,95.9448275862069,8295.0,19.06896551724138,1623.9688715953307,3.7332617737823695,7.645914396887151,10940.155642023332,25.149783085111142,40.929961089494164,505.7926829268318,1.1627417998317915,5.182926829268293,2129.7615545221593,4.896003573614161,10.800797190851277,11445.94832495018,26.312524884942935,41.73033121381797,100,58958.0,589.58,7132.0,71.32,5824.0,58.24,277.50972762645915,2.7750972762645914,5.231517509727626,2294.0856031128405,22.940856031128405,37.704280155642024,355.12195121951237,3.5512195121951224,5.801829268292683,632.6316788459717,6.326316788459714,10.044794533548448,2649.207554332354,26.492075543323526,42.29802125842269,335,222204.0,663.2955223880597,34604.0,103.2955223880597,2471.0,7.376119402985075,1346.4591439688727,4.0192810267727515,10.564202334630352,8646.070038910508,25.809164295255243,41.14007782101168,150.6707317073171,0.44976337823079726,0.426829268292683,1497.129875676188,4.469044405003548,10.991031602923037,8796.740770617833,26.25892767348604,41.56690708930436,100,61966.0,619.66,20399.0,203.99,1304.0,13.04,793.7354085603115,7.937354085603113,22.787937743190664,2411.12840466926,24.111284046692607,37.66731517509728,79.51219512195125,0.7951219512195122,4.759146341463415,873.2476036822625,8.732476036822625,23.796728195881172,2490.640599791212,24.90640599791212,38.14667362626933,100,5824.0,58.24,355.12195121951237,3.5512195121951224,5.801829268292683,61966.0,619.66,20399.0,203.99,2411.12840466926,24.111284046692607,37.66731517509728,793.7354085603115,7.937354085603113,22.787937743190664,2766.250355888773,27.66250355888773,42.497057986144064,1148.8573597798234,11.488573597798235,25.95496820726962
Granite 1B,k=5,40,40,25.7,16.4,54.08499220898073,48.0,49.28401315725258,86.42659279778394,0.8549501735003774,0,67.37516838054592,535,512679.0,958.2785046728972,74364.0,138.9981308411215,15538.0,29.042990654205607,2893.5408560311257,5.408487581366595,22.217898832684824,19948.59922178989,37.28710134913997,58.155642023346296,947.4390243902371,1.7709140642808299,5.0,3840.979880421366,7.179401645647426,22.644728100977506,20896.038246180124,39.0580154134208,60.2455869792161,200,180511.0,902.555,19800.0,99.0,13076.0,65.38,770.4280155642042,3.8521400778210118,8.071984435797633,7023.77431906615,35.11887159533074,57.480544747081716,797.317073170731,3.9865853658536587,5.609756097560976,1567.7450887349337,7.8387254436746705,13.606102306159242,7821.091392236881,39.1054569611844,62.3228622947708,335,332168.0,991.5462686567164,54564.0,162.87761194029852,2462.0,7.349253731343284,2123.112840466927,6.337650270050526,31.82490272373544,12924.824902723743,38.581566873802196,58.28793774319066,150.1219512195122,0.448125227520932,0.426829268292683,2273.2347916864373,6.785775497571458,32.25173199202813,13074.94685394325,39.02969210132313,58.714767011483346,200,186945.0,934.725,52996.0,264.98,3302.0,16.51,2062.101167315175,10.310505836575876,41.68093385214008,7274.124513618676,36.37062256809339,57.34435797665368,201.34146341463452,1.0067073170731708,4.634146341463415,2263.442630729808,11.317213153649046,43.705288507165214,7475.465977033307,37.37732988516656,58.33538957957673,200,13076.0,65.38,797.317073170731,3.9865853658536587,5.609756097560976,186945.0,934.725,52996.0,264.98,7274.124513618676,36.37062256809339,57.34435797665368,2062.101167315175,10.310505836575876,41.68093385214008,8071.441586789411,40.357207933947045,61.91235645819493,2859.4182404859075,14.297091202429534,46.11773986903293
Granite 1B,k=5,60,60,25.7,16.4,63.65011084570443,56.49999999999999,66.52811865957054,87.45387453874538,0.8516833677038236,6,67.37516838054592,635,805439.0,1268.4078740157481,119460.0,188.1259842519685,23357.0,36.78267716535433,4648.249027237352,7.320077208247802,41.06614785992217,31340.03891050583,49.354391985048565,80.91439688715951,1424.2073170731771,2.2428461686191667,5.060975609756098,6072.4563443105135,9.56292337686697,41.87430008541328,32764.24622757901,51.59723815366773,82.89764638891523,300,365179.0,1217.2633333333333,33967.0,113.22333333333333,20870.0,69.56666666666666,1321.6731517509688,4.405577172503243,6.03307392996109,14209.299610894936,47.364332036316476,79.61673151750973,1272.560975609759,4.241869918699187,5.365853658536586,2594.234127360724,8.64744709120243,11.493143209642215,15481.8605865047,51.60620195501566,84.25087785897315,335,440260.0,1314.2089552238806,85493.0,255.20298507462687,2487.0,7.423880597014925,3326.5758754863823,9.930077240257855,54.45525291828795,17130.73929961089,51.13653522271909,81.36964980544747,151.6463414634147,0.4526756461594467,0.426829268292683,3478.2222169497963,10.382752886417302,54.88208218658063,17282.385641074306,51.58921086887854,81.79647907374016,300,375025.0,1250.0833333333333,98119.0,327.06333333333333,6375.0,21.25,3817.8599221789864,12.726199740596629,58.6206225680934,14592.412451361857,48.641374837872895,80.17315175097276,388.7195121951234,1.2957317073170733,4.878048780487806,4206.57943437411,14.021931447913701,62.30403577868464,14981.131963556994,49.93710654518997,80.76136471481448,300,20870.0,69.56666666666666,1272.560975609759,4.241869918699187,5.365853658536586,375025.0,1250.0833333333333,98119.0,327.06333333333333,14592.412451361857,48.641374837872895,80.17315175097276,3817.8599221789864,12.726199740596629,58.6206225680934,15864.973426971632,52.88324475657208,85.06492597513524,5090.420897788748,16.968069659295814,63.74297712821487
Granite 1B,k=5,80,80,25.7,16.4,58.63048094456653,47.0,67.41298068883526,90.5149051490515,0.8474702719111472,9,67.37516838054592,735,1166153.0,1586.6027210884354,177873.0,242.00408163265305,30985.0,42.156462585034014,6921.128404669302,9.416501230842531,58.964980544747036,45375.603112840465,61.735514439238734,104.38132295719845,1889.3292682927013,2.570516011282562,5.060975609756098,8810.457672961924,11.987017242125093,59.39180981303972,47264.93238113317,64.30603045052129,106.4049776976369,400,614875.0,1537.1875,45367.0,113.4175,28496.0,71.24,1765.2529182879266,4.413132295719844,6.233463035019414,23925.0972762646,59.81274319066148,102.09143968871592,1737.5609756097665,4.343902439024391,5.426829268292684,3502.813893897676,8.757034734744236,11.980651513713578,25662.658251874367,64.15664562968587,106.72558603017934,335,551278.0,1645.6059701492538,132506.0,395.5402985074627,2489.0,7.429850746268657,5155.875486381321,15.390673093675591,79.28404669260703,21450.50583657586,64.03136070619665,105.45525291828794,151.76829268292687,0.4530396796505279,0.426829268292683,5307.643779064252,15.84371277332612,79.71087596089973,21602.274129258807,64.48440038584717,105.88208218658062,400,628150.0,1570.375,156457.0,391.1425,8452.0,21.13,6087.821011673154,15.219552529182879,77.29766536964975,24441.634241245138,61.10408560311284,103.44357976653696,515.3658536585383,1.2884146341463416,5.0640243902439,6603.186865331697,16.507967163329223,77.72449463794243,24957.000094903684,62.392500237259185,103.87040903482963,400,28496.0,71.24,1737.5609756097665,4.343902439024391,5.426829268292684,628150.0,1570.375,156457.0,391.1425,24441.634241245138,61.10408560311284,103.44357976653696,6087.821011673154,15.219552529182879,77.29766536964975,26179.19521685491,65.44798804213724,108.07162854702477,7825.381987282902,19.56345496820727,83.06104678751068
Granite 1B,k=10,base,13.4,25.7,16.4,47.85578720345075,50.0,33.292307692307695,63.55140186915889,0.8666669433457977,0,64.33103748277924,402,240953.0,599.3855721393035,32127.0,79.91791044776119,5574.0,13.865671641791044,1250.0778210116744,3.10964632092456,6.108949416342413,9375.603112840472,23.32239580308574,34.43579766536965,339.8780487804897,0.8454677830360394,4.689024390243902,1589.9558697921607,3.9551141039605993,7.701800797190851,9715.48116162093,24.16786358612178,35.08830786751447,67,33202.0,495.55223880597015,3965.0,59.17910447761194,3114.0,46.47761194029851,154.28015564202335,2.302688890179453,2.6614785992217898,1291.906614785992,19.282188280387945,30.38910505836576,189.87804878048783,2.8340007280669823,5.975609756097562,344.15820442251123,5.136689618246435,8.481564961564013,1481.7846635664803,22.116189008454928,35.92566669830122,335,207751.0,620.1522388059701,28162.0,84.06567164179104,2460.0,7.343283582089552,1095.79766536965,3.2710378070735815,6.264591439688716,8083.6964980544735,24.130437307625296,34.5136186770428,150.0,0.4477611940298508,0.426829268292683,1245.7976653696487,3.718799001103432,6.761459618487239,8233.696498054476,24.578198501655148,34.940447945335485,67,36556.0,545.6119402985074,10820.0,161.49253731343285,469.0,7.0,421.0116731517509,6.283756315697776,16.08949416342412,1422.412451361868,21.230036587490563,32.93385214007782,28.597560975609742,0.426829268292683,0.426829268292683,449.6092341273607,6.710585583990459,16.516323431716803,1451.010012337477,21.656865855783245,33.36068140837051,67,3114.0,46.47761194029851,189.87804878048783,2.8340007280669823,5.975609756097562,36556.0,545.6119402985074,10820.0,161.49253731343285,1422.412451361868,21.230036587490563,32.93385214007782,421.0116731517509,6.283756315697776,16.08949416342412,1612.2905001423558,24.064037315557545,34.58451172060359,610.8897219322389,9.117757043764758,17.40585555661004
Granite 1B,k=10,20,20,25.7,16.4,48.51933755036526,49.5,29.394997260284583,76.47058823529413,0.8760186409723534,2,64.33103748277924,435,317580.0,730.0689655172414,39374.0,90.51494252873563,8105.0,18.632183908045977,1532.0622568093384,3.521982199561698,6.3112840466926,12357.198443579744,28.407352743861534,49.63424124513619,494.20731707317333,1.1361087748808523,5.060975609756098,2026.2695738825098,4.65809097444255,8.3027427161431,12851.405760652946,29.543461518742387,50.286751447281,100,66978.0,669.78,6740.0,67.4,5647.0,56.47,262.2568093385215,2.622568093385214,5.231517509727626,2606.147859922178,26.06147859922179,47.206225680933855,344.32926829268297,3.4432926829268298,5.9176829268292686,606.5860776312045,6.065860776312044,10.48454256429724,2950.477128214863,29.50477128214862,52.378618202524436,335,250602.0,748.065671641791,32634.0,97.41492537313432,2458.0,7.3373134328358205,1269.8054474708174,3.790464022300947,6.957198443579769,9751.050583657576,29.107613682559965,49.766536964980546,149.8780487804878,0.4473971605387696,0.426829268292683,1419.6834962513042,4.237861182839716,7.384027711872452,9900.928632438088,29.555010843098735,50.19336623327323,100,69986.0,699.86,18037.0,180.37,1285.0,12.85,701.8287937743191,7.018287937743191,18.264591439688704,2723.1906614785985,27.23190661478599,47.538910505836576,78.3536585365854,0.7835365853658537,4.640243902439025,780.1824523109044,7.801824523109044,18.691420707981386,2801.5443200151844,28.015443200151847,48.02410553288412,100,5647.0,56.47,344.32926829268297,3.4432926829268298,5.9176829268292686,69986.0,699.86,18037.0,180.37,2723.1906614785985,27.23190661478599,47.538910505836576,701.8287937743191,7.018287937743191,18.264591439688704,3067.519929771283,30.675199297712822,52.17280772515896,1046.158062067002,10.46158062067002,23.89568900066432
Granite 1B,k=10,40,40,25.7,16.4,51.87312166702783,45.5,48.435753143756024,83.09455587392549,0.8889929249625207,2,64.33103748277924,535,570315.0,1066.0093457943926,63309.0,118.33457943925234,14015.0,26.19626168224299,2463.3852140077793,4.60445834393978,6.957198443579756,22191.245136186775,41.47896287137714,68.8443579766537,854.573170731701,1.5973330294050605,4.634146341463415,3317.958384739486,6.20179137334484,10.42054189997152,23045.818306918478,43.076295900782206,70.93764828698872,200,199981.0,999.905,19057.0,95.285,11553.0,57.765,741.517509727628,3.7075875486381324,5.721789883268483,7781.361867704279,38.9068093385214,66.61284046692604,704.4512195121939,3.522256097560976,5.249999999999998,1445.968729239821,7.229843646199108,10.696130302742706,8485.813087216478,42.429065436082375,71.24698680838947,335,370334.0,1105.4746268656716,44252.0,132.0955223880597,2462.0,7.349253731343284,1721.8677042801569,5.139903594866136,7.509727626459144,14409.883268482492,43.014576920843254,68.98054474708172,150.1219512195122,0.448125227520932,0.426829268292683,1871.9896554996683,5.588028822387068,7.959903198253773,14560.005219702009,43.46270214836419,69.4073740153744,200,206415.0,1032.075,41941.0,209.705,2949.0,14.745,1631.9455252918292,8.159727626459144,29.334630350194434,8031.712062256809,40.15856031128405,66.66147859922177,179.81707317073187,0.8990853658536586,4.634146341463415,1811.7625984625606,9.058812992312802,33.46269099364141,8211.529135427541,41.05764567713771,67.08830786751443,200,11553.0,57.765,704.4512195121939,3.522256097560976,5.249999999999998,206415.0,1032.075,41941.0,209.705,8031.712062256809,40.15856031128405,66.66147859922177,1631.9455252918292,8.159727626459144,29.334630350194434,8736.163281769002,43.680816408845025,71.29562494068519,2336.3967448040253,11.681983724020121,33.956581569706636
Granite 1B,k=10,60,60,25.7,16.4,41.52199982872015,42.5,19.05707147982905,75.0515463917526,0.8919408471537583,6,64.33103748277924,635,863999.0,1360.628346456693,93363.0,147.0283464566929,19020.0,29.95275590551181,3632.8015564202224,5.72094733294525,7.533073929961086,33618.6381322957,52.942737216213736,86.90272373540854,1159.756097560972,1.826387555214135,4.634146341463415,4792.557653981203,7.5473348881593845,11.86146436367087,34778.39422985676,54.76912477142787,89.62097845686628,300,392524.0,1308.4133333333334,29343.0,97.81,16560.0,55.2,1141.7509727626452,3.8058365758754866,5.764591439688717,15273.307392996105,50.91102464332037,86.20038910505838,1009.7560975609726,3.3658536585365857,5.185975609756099,2151.5070703236197,7.171690234412072,10.71002182784474,16283.063490557097,54.276878301856954,90.1185821391288,335,471475.0,1407.3880597014925,64020.0,191.1044776119403,2460.0,7.343283582089552,2491.05058365759,7.435971891515187,31.747081712062375,18345.330739299607,54.762181311342125,87.85214007782103,150.0,0.4477611940298508,0.426829268292683,2641.05058365759,7.883733085545037,32.17391098035506,18495.330739299603,55.20994250537197,88.27896934611371,300,402370.0,1341.2333333333333,72022.0,240.07333333333332,4769.0,15.896666666666667,2802.412451361868,9.341374837872893,42.24319066147869,15656.42023346303,52.188067444876786,86.46303501945525,290.7926829268306,0.969308943089431,4.634146341463415,3093.205134288699,10.310683780962323,45.853741577299104,15947.21291638986,53.15737638796622,87.04161526051058,300,16560.0,55.2,1009.7560975609726,3.3658536585365857,5.185975609756099,402370.0,1341.2333333333333,72022.0,240.07333333333332,15656.42023346303,52.188067444876786,86.46303501945525,2802.412451361868,9.341374837872893,42.24319066147869,16666.176331024017,55.55392110341337,91.12918762456108,3812.1685489228453,12.707228496409478,46.77592056562596
Granite 1B,k=10,80,80,25.7,16.4,39.62222955757281,39.5,18.82910514617908,74.76635514018693,0.8942619729015953,8,64.33103748277924,735,1231364.0,1675.3251700680273,130202.0,177.14557823129252,23986.0,32.63401360544218,5066.225680933862,6.892824055692316,16.39688715953306,47912.9961089494,65.18774980809445,108.96108949416342,1462.5609756097663,1.9898788783806207,4.634146341463415,6528.786656543605,8.882702934072936,17.12332732276738,49375.55708455922,67.17762868647506,111.6832352662048,400,651425.0,1628.5625,39567.0,98.9175,21526.0,53.815,1539.571984435788,3.8489299610894943,5.7587548638132295,25347.27626459145,63.3681906614786,107.66731517509724,1312.5609756097601,3.2814024390243905,4.634146341463415,2852.1329600455438,7.130332400113885,10.353990699440068,26659.83724020119,66.649593100503,112.06326516086172,335,579939.0,1731.1611940298508,90635.0,270.55223880597015,2460.0,7.343283582089552,3526.653696498053,10.527324467158373,64.92217898832685,22565.719844357976,67.36035774435217,109.15953307392996,150.0,0.4477611940298508,0.426829268292683,3676.6536964980546,10.975085661188222,65.34900825661953,22715.719844357987,67.80811893838202,109.58636234222264,400,664700.0,1661.75,108786.0,271.965,5631.0,14.0775,4232.918287937739,10.582295719844359,54.35214007782063,25863.81322957199,64.65953307392996,107.75097276264587,343.3536585365879,0.8583841463414635,4.634146341463415,4576.27194647433,11.440679866185821,54.778969346113314,26207.16688810856,65.51791722027143,108.17780203093855,400,21526.0,53.815,1312.5609756097601,3.2814024390243905,4.634146341463415,664700.0,1661.75,108786.0,271.965,25863.81322957199,64.65953307392996,107.75097276264587,4232.918287937739,10.582295719844359,54.35214007782063,27176.374205181746,67.94093551295435,112.22753155547122,5545.4792635475005,13.863698158868749,58.554130682357204
Qwen 2B,Patch,base,13.4,24.7,14.5,53.00495137046861,58.5,29.61980548187445,70.0,0.7226622216081544,0,71.13200310855234,402,224369.0,558.1318407960199,62226.0,154.7910447761194,7253.0,18.04228855721393,2519.271255060726,6.2668439180615145,21.645748987854248,9083.765182186233,22.596430801458297,28.42105263157895,500.20689655172305,1.244295762566478,6.824137931034482,3019.4781516124517,7.511139680627992,22.128507608543902,9583.972078737957,23.840726564024774,29.225673600446743,67,32904.0,491.1044776119403,6793.0,101.38805970149254,4410.0,65.82089552238806,275.02024291497986,4.104779744999698,4.441295546558704,1332.145748987854,19.88277237295305,28.246963562753038,304.13793103448273,4.53937210499228,8.241379310344826,579.1581739494627,8.644151849991978,12.553120201033085,1636.2836800223372,24.422144477945327,35.61214574898785,335,191465.0,571.5373134328358,55433.0,165.4716417910448,2843.0,8.486567164179105,2244.2510121457485,6.699256752673878,22.085020242914986,7751.619433198378,23.139162487159346,28.42105263157895,196.0689655172407,0.5852804940813175,0.4827586206896552,2440.3199776629895,7.284537246755195,22.567778863604637,7947.688398715622,23.724442981240664,28.91595700125646,67,35183.0,525.1194029850747,27880.0,416.1194029850746,469.0,7.0,1128.744939271255,16.846939392108286,23.902834008097166,1424.4129554655872,21.25989485769533,28.315789473684212,32.344827586206875,0.4827586206896552,0.4827586206896552,1161.0897668574619,17.32969801279794,24.38559262878682,1456.757783051794,21.742653478384984,28.798548094373864,67,4410.0,65.82089552238806,304.13793103448273,4.53937210499228,8.241379310344826,35183.0,525.1194029850747,27880.0,416.1194029850746,1424.4129554655872,21.25989485769533,28.315789473684212,1128.744939271255,16.846939392108286,23.902834008097166,1728.55088650007,25.79926696268761,35.82440318302387,1432.8828703057377,21.386311497100564,31.411447717436822
Qwen 2B,Patch,20,20,24.7,14.5,56.3989979518291,55.00000000000001,45.33512224209898,80.43478260869566,0.7026217028023254,0,71.13200310855234,435,298966.0,687.2781609195403,88906.0,204.3816091954023,9971.0,22.92183908045977,3599.4331983805682,8.274559076736935,30.267206477732792,12103.88663967611,27.825026757876124,39.31174089068826,687.6551724137915,1.5808164883075704,6.937931034482752,4287.088370794356,9.855375565044506,31.717576434454827,12791.541812089901,29.405843246183696,40.10219181907022,100,61861.0,618.61,14458.0,144.58,7316.0,73.16,585.3441295546559,5.853441295546559,24.684210526315784,2504.493927125506,25.04493927125506,37.534412955465584,504.55172413793065,5.045517241379311,7.86551724137931,1089.895853692587,10.89895853692587,32.47386569872958,3009.0456512634382,30.090456512634372,44.53698171157336,335,237105.0,707.776119402985,74448.0,222.23283582089553,2655.0,7.925373134328358,3014.089068825911,8.997280802465406,31.089068825910935,9599.392712550616,28.65490361955405,39.4331983805668,183.1034482758614,0.5465774575398868,0.4827586206896552,3197.192517101773,9.543858260005292,31.571827446600587,9782.496160826468,29.20148107709394,39.91595700125646,100,65527.0,655.27,54627.0,546.27,1364.0,13.64,2211.6194331983806,22.116194331983806,33.64777327935222,2652.914979757086,26.529149797570852,38.06072874493927,94.06896551724134,0.9406896551724138,6.689655172413793,2305.688398715622,23.05688398715622,35.278095769928804,2746.9839452743263,27.469839452743265,39.69105123551585,100,7316.0,73.16,504.55172413793065,5.045517241379311,7.86551724137931,65527.0,655.27,54627.0,546.27,2652.914979757086,26.529149797570852,38.06072874493927,2211.6194331983806,22.116194331983806,33.64777327935222,3157.4667038950174,31.57466703895016,45.99184699148401,2716.1711573363123,27.161711573363117,41.578891525896964
Qwen 2B,Patch,40,40,24.7,14.5,59.24121366792687,56.49999999999999,48.744533816092535,87.70053475935829,0.6154570734967673,1,71.13200310855234,535,577522.0,1079.4803738317758,222082.0,415.1065420560748,19461.0,36.37570093457944,8991.174089068818,16.80593287676416,58.72874493927125,23381.45748987856,43.703658859586064,69.64777327935222,1342.1379310344905,2.5086690299709957,6.779310344827583,10333.312020103314,19.314601906735156,60.166969147005446,24723.59542091302,46.21232788955706,71.78305179394108,200,201937.0,1009.685,46833.0,234.165,16715.0,83.575,1896.0728744939245,9.480364372469635,44.947368421052545,8175.587044534412,40.877935222672065,66.69838056680162,1152.7586206896558,5.7637931034482754,7.244827586206895,3048.831495183575,15.24415747591791,51.53315649867369,9328.345665224064,46.641728326120344,73.38803573921541,335,375585.0,1121.1492537313434,175249.0,523.131343283582,2746.0,8.197014925373134,7095.101214574896,21.17940661067134,61.50202429149799,15205.870445344126,45.39065804580337,70.17408906882591,189.3793103448269,0.5653113741636645,0.4827586206896552,7284.480524919724,21.744717984835006,61.98478291218764,15395.24975568896,45.95596941996704,70.65684768951556,200,209952.0,1049.76,188152.0,940.76,3874.0,19.37,7617.4898785425075,38.08744939271255,63.981781376518214,8500.080971659923,42.500404858299596,68.39473684210526,267.172413793103,1.3358620689655172,6.689655172413793,7884.662292335617,39.42331146167807,64.73781934943459,8767.253385453021,43.836266927265115,69.15077481502163,200,16715.0,83.575,1152.7586206896558,5.7637931034482754,7.244827586206895,209952.0,1049.76,188152.0,940.76,8500.080971659923,42.500404858299596,68.39473684210526,7617.4898785425075,38.08744939271255,63.981781376518214,9652.839592349566,48.264197961747875,75.08439201451905,8770.248499232168,43.85124249616083,70.67143654893201
Qwen 2B,Patch,60,60,24.7,14.5,60.09631769337466,61.0,44.78986847464803,81.99233716475098,0.5350996998273286,4,71.13200310855234,635,936461.0,1474.7417322834647,435361.0,685.607874015748,28049.0,44.17165354330709,17625.951417003987,27.75740380630559,89.1740890688259,37913.40080971661,59.70614300742772,99.43319838056681,1934.4137931034616,3.0463209340211783,6.689655172413792,19560.36521010748,30.803724740326768,90.45441853971796,39847.81460282005,62.752463941448895,102.89236353483177,300,422116.0,1407.0533333333333,107579.0,358.5966666666667,25481.0,84.93666666666667,4355.425101214588,14.51808367071525,70.19230769230771,17089.716599190288,56.965721997300946,97.45748987854252,1757.3103448275835,5.857701149425287,7.175862068965518,6112.735446042185,20.375784820140538,76.85906742984784,18847.026944017864,62.823423146726235,104.14714505095631,335,514345.0,1535.358208955224,327782.0,978.4537313432836,2568.0,7.665671641791045,13270.526315789473,39.61351139041634,93.80161943319838,20823.68421052632,62.160251374705425,101.12145748987855,177.1034482758615,0.5286670097786927,0.4827586206896552,13447.62976406534,40.142178400195036,94.28437805388803,21000.787658802183,62.68891838448411,101.6042161105682,300,434358.0,1447.86,401658.0,1338.86,7562.0,25.206666666666667,16261.457489878543,54.204858299595145,94.78137651821864,17585.34412955467,58.61781376518219,99.19433198380567,521.517241379309,1.738390804597701,6.689655172413793,16782.97473125785,55.943249104192844,95.26413513890829,18106.861370933962,60.35620456977989,99.67709060449532,300,25481.0,84.93666666666667,1757.3103448275835,5.857701149425287,7.175862068965518,434358.0,1447.86,401658.0,1338.86,17585.34412955467,58.61781376518219,99.19433198380567,16261.457489878543,54.204858299595145,94.78137651821864,19342.65447438224,64.47551491460747,105.88398715621946,18018.76783470613,60.06255944902043,101.47103169063243
Qwen 2B,Patch,80,80,24.7,14.5,60.342141995387976,57.99999999999999,52.95117667720407,82.02898550724638,0.4700520776493904,3,71.13200310855234,735,1374486.0,1870.0489795918368,728406.0,991.0285714285715,37532.0,51.06394557823129,29490.121457490048,40.122614227877385,119.90283400809713,55647.20647773284,75.71048500371809,130.14574898785423,2588.413793103477,3.5216514191883648,6.689655172413792,32078.53525059335,43.64426564706575,120.38559262878678,58235.62027083621,79.23213642290645,133.69328493647913,400,722061.0,1805.1525,180341.0,450.8525,34786.0,86.965,7301.255060728756,18.253137651821863,91.46356275303644,29233.23886639673,73.0830971659919,128.22672064777328,2399.034482758623,5.9975862068965515,6.689655172413793,9700.289543487399,24.250723858718413,97.91169900879518,31632.27334915539,79.08068337288846,134.91637582018706,335,652425.0,1947.5373134328358,548065.0,1636.0149253731342,2746.0,8.197014925373134,22188.866396761136,66.23542207988399,126.2429149797571,26413.96761133602,78.84766451145084,131.8906882591093,189.3793103448269,0.5653113741636645,0.4827586206896552,22378.24570710596,66.80073345404764,126.72567360044675,26603.34692168087,79.41297588561451,132.37344687979896,400,738652.0,1846.63,695052.0,1737.63,9993.0,24.9825,28139.757085020265,70.34939271255061,125.5910931174089,29904.93927125504,74.76234817813766,130.00404858299595,689.1724137931024,1.7229310344827586,6.689655172413793,28828.92949881336,72.07232374703337,126.07385173809855,30594.111685048167,76.48527921262041,130.4868072036856,400,34786.0,86.965,2399.034482758623,5.9975862068965515,6.689655172413793,738652.0,1846.63,695052.0,1737.63,29904.93927125504,74.76234817813766,130.00404858299595,28139.757085020265,70.34939271255061,125.5910931174089,32303.97375401369,80.7599343850342,136.69370375540973,30538.791567778862,76.34697891944717,132.2807482898227
Qwen 2B,Summary,base,13.4,24.7,14.5,49.6832903121723,55.00000000000001,33.67193675889328,55.102040816326536,0.7097191901531903,0,65.61131740254017,402,213917.0,532.1318407960199,62096.0,154.46766169154228,11104.0,27.621890547263682,2514.008097165989,6.253751485487542,21.645748987854248,8660.6072874494,21.543799222510927,27.36842105263158,765.7931034482745,1.9049579687768057,11.741379310344815,3279.8012006142667,8.158709454264347,24.16089627251152,9426.400390897667,23.448757191287733,28.173042021499374,67,31162.0,465.1044776119403,6793.0,101.38805970149254,8299.0,123.86567164179104,275.02024291497986,4.104779744999698,4.441295546558704,1261.6194331983809,18.83014079400568,27.194331983805668,572.3448275862067,8.54246011322697,33.86896551724138,847.3650705011869,12.647239858226666,37.99268462934525,1833.9642607845876,27.37260090723265,61.20499790590535,335,182755.0,545.5373134328358,55303.0,165.08358208955224,2805.0,8.373134328358208,2238.987854251012,6.683545833585111,22.085020242914986,7398.987854251016,22.086530908211977,27.36842105263158,193.44827586206807,0.5774575398867731,0.4827586206896552,2432.4361301130803,7.261003373471884,22.7459165154265,7592.436130113081,22.66398844809875,27.851179673321234,67,33441.0,499.1194029850746,27880.0,416.1194029850746,469.0,7.0,1128.744939271255,16.846939392108286,23.902834008097166,1353.8866396761139,20.207263278747963,27.263157894736842,32.344827586206875,0.4827586206896552,0.4827586206896552,1161.0897668574619,17.32969801279794,24.38559262878682,1386.2314672623204,20.690021899437617,27.7459165154265,67,8299.0,123.86567164179104,572.3448275862067,8.54246011322697,33.86896551724138,33441.0,499.1194029850746,27880.0,416.1194029850746,1353.8866396761139,20.207263278747963,27.263157894736842,1128.744939271255,16.846939392108286,23.902834008097166,1926.2314672623204,28.74972339197493,61.14560938154405,1701.0897668574626,25.389399505335252,57.78528549490437
Qwen 2B,Summary,20,20,24.7,14.5,51.864554574143604,56.49999999999999,38.15958815958817,56.16438356164384,0.6913813721945657,1,65.61131740254017,435,287656.0,661.2781609195403,88776.0,204.08275862068965,16338.0,37.55862068965517,3594.170040485831,8.262459863185816,30.267206477732792,11645.991902834008,26.772395178928754,38.25910931174089,1126.7586206896556,2.5902497027348397,15.565517241379126,4720.928661175479,10.852709565920655,34.12648331704593,12772.750523523651,29.362644881663595,39.18721206198521,100,59261.0,592.61,14458.0,144.58,13844.0,138.44,585.3441295546559,5.853441295546559,24.684210526315784,2399.2307692307704,23.992307692307694,36.48178137651822,954.7586206896547,9.547586206896552,47.78275862068965,1540.1027502443114,15.40102750244311,52.96956582437526,3353.9893899204235,33.539893899204245,83.45895574479965,335,228395.0,681.776119402985,74318.0,221.84477611940298,2494.0,7.444776119402985,3008.8259109311743,8.98156988337664,31.089068825910935,9246.761133603228,27.602272040606685,38.38056680161944,171.9999999999994,0.5134328358208955,0.4827586206896552,3180.825910931174,9.495002719197535,31.571827446600587,9418.761133603235,28.115704876427582,38.863325422309096,100,62927.0,629.27,54627.0,546.27,1385.0,13.85,2211.6194331983806,22.116194331983806,33.64777327935222,2547.6518218623482,25.476518218623482,37.008097165991906,95.51724137931014,0.9551724137931035,0.4827586206896552,2307.136674577691,23.07136674577691,34.251989389920425,2643.1690632416576,26.431690632416586,37.6123132765601,100,13844.0,138.44,954.7586206896547,9.547586206896552,47.78275862068965,62927.0,629.27,54627.0,546.27,2547.6518218623482,25.476518218623482,37.008097165991906,2211.6194331983806,22.116194331983806,33.64777327935222,3502.4104425520027,35.024104425520036,84.76251570570989,3166.3780538880355,31.66378053888036,81.40219181907023
Qwen 2B,Summary,40,40,24.7,14.5,51.50277969521496,57.49999999999999,39.46093290725391,47.58364312267658,0.6061971711035251,35,65.61131740254017,535,563612.0,1053.4803738317758,221952.0,414.86355140186913,45216.0,84.5158878504673,8985.91093117408,16.796095198456243,58.72874493927125,22818.299595141678,42.651027280638694,68.59514170040487,3118.3448275862347,5.828681920721882,52.9655172413793,12104.255758760288,22.624777119178123,60.498952952673434,25936.644422727917,48.47970920136058,97.86835124947643,200,196737.0,983.685,46833.0,234.165,41971.0,209.855,1896.0728744939245,9.480364372469635,44.947368421052545,7965.060728744942,39.825303643724695,65.64574898785425,2894.5517241379393,14.472758620689655,52.96551724137931,4790.6245986318545,23.95312299315929,56.939201451905625,10859.612452882877,54.298062264414355,113.43920145190562,335,366875.0,1095.1492537313434,175119.0,522.7432835820896,3245.0,9.686567164179104,7089.838056680159,21.163695691582575,61.50202429149799,14853.23886639677,44.33802646685601,69.12145748987855,223.793103448275,0.6680391147709728,0.4827586206896552,7313.631160128436,21.83173480635355,61.98478291218764,15077.031969845037,45.00606558162698,69.64470194052771,200,204752.0,1023.76,188152.0,940.76,7141.0,35.705,7617.4898785425075,38.08744939271255,63.981781376518214,8289.554655870448,41.447773279352226,67.34210526315789,492.4827586206891,2.4624137931034484,13.410344827586172,8109.972637163203,40.549863185816,66.28437805388803,8782.037414491126,43.91018707245568,69.64470194052771,200,41971.0,209.855,2894.5517241379393,14.472758620689655,52.96551724137931,204752.0,1023.76,188152.0,940.76,8289.554655870448,41.447773279352226,67.34210526315789,7617.4898785425075,38.08744939271255,63.981781376518214,11184.106380008374,55.92053190004189,113.83393829401088,10512.041602680441,52.56020801340221,110.4736144073712
Qwen 2B,Summary,60,60,24.7,14.5,49.609304936548355,57.49999999999999,35.74971974619344,41.14583333333333,0.5268976282432434,75,65.61131740254017,635,919951.0,1448.7417322834647,435231.0,685.4031496062992,77391.0,121.8755905511811,17620.688259109247,27.749115368676083,89.1740890688259,37244.97975708505,58.65351142848035,98.38056680161944,5337.310344827617,8.405213141460766,52.9655172413793,22957.998603936823,36.15432851013685,92.09814323607426,42582.29010191259,67.05872456994112,134.1477034761971,300,414316.0,1381.0533333333333,107579.0,358.5966666666667,74777.0,249.25666666666666,4355.425101214588,14.51808367071525,70.19230769230771,16773.927125506085,55.913090418353576,96.40485829959513,5157.034482758642,17.190114942528737,52.96551724137931,9512.459583973203,31.708198613243987,77.84308250732936,21930.961608264704,73.10320536088231,145.8926427474522,335,505635.0,1509.358208955224,327652.0,978.065671641791,2614.0,7.802985074626866,13265.263157894737,39.597800471327574,93.80161943319838,20471.052631578936,61.107619795758055,100.06882591093118,180.27586206896493,0.5381369016984046,0.4827586206896552,13445.539019963704,40.135937373025975,94.28437805388803,20651.328493647914,61.645756697456456,100.55158453162083,300,426558.0,1421.86,401658.0,1338.86,11513.0,38.376666666666665,16261.457489878543,54.204858299595145,94.78137651821864,17269.55465587045,57.56518218623482,98.1417004048583,793.9999999999989,2.6466666666666665,1.0586206896553034,17055.457489878547,56.851524966261806,98.11433756805808,18063.554655870445,60.21184885290148,101.47466145469775,300,74777.0,249.25666666666666,5157.034482758642,17.190114942528737,52.96551724137931,426558.0,1421.86,401658.0,1338.86,17269.55465587045,57.56518218623482,98.1417004048583,16261.457489878543,54.204858299595145,94.78137651821864,22426.589138629064,74.75529712876356,147.63555772720926,21418.49197263717,71.39497324212388,144.2752338405696
Qwen 2B,Summary,80,80,24.7,14.5,41.316287503596655,47.5,31.348137566253854,33.19502074688797,0.46267603971148963,129,65.61131740254017,735,1355376.0,1844.0489795918368,728276.0,990.8517006802721,125300.0,170.47619047619048,29484.858299595315,40.115453468836925,119.90283400809713,54873.52226720653,74.65785342477072,129.09311740890686,8641.379310344804,11.756978653530378,52.9655172413793,38126.23760993986,51.87243212236731,122.86332542230906,63514.9015775513,86.4148320783011,168.86835124947646,400,711661.0,1779.1525,180341.0,450.8525,122606.0,306.515,7301.255060728756,18.253137651821863,91.46356275303644,28812.18623481785,72.03046558704453,127.17408906882591,8455.586206896554,21.138965517241378,52.96551724137931,15756.841267625305,39.39210316906324,98.05765740611476,37267.772441714376,93.16943110428592,178.68414072316068,335,643715.0,1921.5373134328358,547935.0,1635.6268656716418,2694.0,8.041791044776119,22183.6032388664,66.21971116079521,126.2429149797571,26061.336032388655,77.79503293250347,130.83805668016197,185.79310344827528,0.5546062789500772,0.4827586206896552,22369.396342314667,66.77431743974529,126.72567360044675,26247.12913583695,78.34963921145355,131.32081530085162,400,728252.0,1820.63,695052.0,1737.63,19538.0,48.845,28139.757085020265,70.34939271255061,125.5910931174089,29483.886639676115,73.70971659919029,128.95141700404858,1347.4482758620743,3.3686206896551725,29.848275862068917,29487.20536088232,73.71801340220578,127.869398296803,30831.334915538187,77.07833728884546,131.22972218344268,400,122606.0,306.515,8455.586206896554,21.138965517241378,52.96551724137931,728252.0,1820.63,695052.0,1737.63,29483.886639676115,73.70971659919029,128.95141700404858,28139.757085020265,70.34939271255061,125.5910931174089,37939.472846572644,94.84868211643166,180.49790590534693,36595.3432919168,91.48835822979198,177.13758201870723
Qwen 2B,k=2,base,13.4,24.7,14.5,57.438211022693785,64.5,30.47008547008547,74.13793103448276,0.794333957277661,0,69.28847037451582,402,233461.0,580.7487562189054,48015.0,119.44029850746269,6703.0,16.67412935323383,1943.9271255060733,4.835639615686748,14.591093117408883,9451.862348178141,23.512095393477956,33.07692307692308,462.2758620689643,1.1499399553954366,6.689655172413793,2406.2029875750372,5.9855795710821855,15.486807203685604,9914.138210247107,24.662035348873392,33.681139187491276,67,32940.0,491.64179104477614,5788.0,86.38805970149254,4205.0,62.76119402985075,234.331983805668,3.4974922956069854,3.8340080971659916,1333.6032388663969,19.904525953229804,28.793522267206477,289.99999999999994,4.3283582089552235,8.724137931034479,524.3319838056678,7.825850504562209,12.193773558564846,1623.6032388663966,24.232884162185027,36.48317743962026,335,200521.0,598.5701492537313,42227.0,126.05074626865671,2498.0,7.456716417910448,1709.5951417004042,5.103269079702701,16.178137651821864,8118.259109311745,24.233609281527585,33.089068825910935,172.27586206896493,0.5142563046834792,0.4827586206896552,1881.8710037693709,5.61752538438618,16.66089627251152,8290.534971380708,24.747865586211066,33.571827446600594,67,35775.0,533.955223880597,18679.0,278.7910447761194,469.0,7.0,756.234817813765,11.287086833041272,22.380566801619434,1448.3805668016191,21.617620400024173,31.360323886639677,32.344827586206875,0.4827586206896552,0.4827586206896552,788.5796453999718,11.769845453730927,22.86332542230909,1480.725394387826,22.100379020713827,31.84308250732933,67,4205.0,62.76119402985075,289.99999999999994,4.3283582089552235,8.724137931034479,35775.0,533.955223880597,18679.0,278.7910447761194,1448.3805668016191,21.617620400024173,31.360323886639677,756.234817813765,11.287086833041272,22.380566801619434,1738.3805668016194,25.945978608979395,35.87002652519894,1046.2348178137654,15.615445041996495,29.24891805109591
Qwen 2B,k=2,20,20,24.7,14.5,60.95037707390648,59.5,51.66817496229261,82.22222222222221,0.7847633453661533,0,69.28847037451582,435,302783.0,696.0528735632184,65170.0,149.816091954023,9715.0,22.333333333333332,2638.461538461537,6.065428824049514,23.96356275303643,12258.42105263158,28.180278281911676,41.94331983805668,669.9999999999987,1.5402298850574714,6.896551724137931,3308.4615384615345,7.605658709106985,25.1872120619851,12928.421052631576,29.72050816696915,43.276280887896135,100,62467.0,624.67,11767.0,117.67,7134.0,71.34,476.3967611336031,4.7639676113360325,10.844129554655854,2529.0283400809717,25.290283400809717,39.56072874493927,492.00000000000017,4.92,7.589655172413792,968.3967611336033,9.683967611336033,14.970389501605453,3021.0283400809717,30.21028340080972,46.979031132207176,335,240316.0,717.3611940298507,53403.0,159.41194029850746,2581.0,7.704477611940298,2162.064777327935,6.453924708441598,26.234817813765183,9729.392712550609,29.04296332104659,41.99595141700405,177.9999999999994,0.5313432835820896,0.4827586206896552,2340.064777327934,6.9852679920236875,26.717576434454834,9907.392712550603,29.57430660462868,42.47871003769371,100,66087.0,660.87,35901.0,359.01,1241.0,12.41,1453.4817813765185,14.534817813765184,32.67206477732794,2675.587044534413,26.75587044534413,40.10323886639676,85.58620689655173,0.8558620689655173,6.0827586206896544,1539.0679882730703,15.3906798827307,33.20138210247104,2761.1732514309642,27.611732514309647,42.1710177300014,100,7134.0,71.34,492.00000000000017,4.92,7.589655172413792,66087.0,660.87,35901.0,359.01,2675.587044534413,26.75587044534413,40.10323886639676,1453.4817813765185,14.534817813765184,32.67206477732794,3167.5870445344135,31.67587044534413,44.928563451067994,1945.4817813765187,19.45481781376518,39.05527013821025
Qwen 2B,k=2,40,40,24.7,14.5,64.83135902812467,59.5,63.6222103060471,88.17204301075269,0.7578728209349337,0,69.28847037451582,535,578287.0,1080.9102803738317,140019.0,261.7177570093458,17906.0,33.46915887850467,5668.785425101213,10.595860607665822,52.18218623481777,23412.429149797586,43.76154981270574,70.30364372469634,1234.8965517241445,2.3082178536899773,6.344827586206897,6903.681976825363,12.9040784613558,54.01312299315929,24647.32570152171,46.06976766639572,71.4787100376937,200,202524.0,1012.62,32496.0,162.48,15408.0,77.04,1315.6275303643704,6.578137651821862,36.0384615384615,8199.352226720644,40.99676113360324,67.49797570850203,1062.6206896551712,5.313103448275863,7.0344827586206895,2378.248220019543,11.891241100097725,42.26617339103727,9261.972916375815,46.309864581879104,73.84280329470892,335,375763.0,1121.6805970149253,107523.0,320.96417910447764,2498.0,7.456716417910448,4353.157894736839,12.994501178318933,55.757085020242926,15213.076923076931,45.41216991963261,70.8502024291498,172.27586206896493,0.5142563046834792,0.4827586206896552,4525.43375680581,13.508757483002412,56.23984364093259,15385.35278514589,45.92642622431609,71.33296104983945,200,210493.0,1052.465,111099.0,555.495,3673.0,18.365,4497.935222672062,22.489676113360325,60.2085020242915,8521.983805668016,42.60991902834008,68.14372469635627,253.3103448275858,1.2665517241379312,6.344827586206897,4751.245567499653,23.756227837498255,62.357587602959654,8775.294150495598,43.87647075247801,68.77020801340218,200,15408.0,77.04,1062.6206896551712,5.313103448275863,7.0344827586206895,210493.0,1052.465,111099.0,555.495,8521.983805668016,42.60991902834008,68.14372469635627,4497.935222672062,22.489676113360325,60.2085020242915,9584.604495323194,47.92302247661595,74.50579366187353,5560.55591232724,27.802779561636186,67.31636185955605
Qwen 2B,k=2,60,60,24.7,14.5,64.01274778740289,56.00000000000001,67.12505197250958,90.87656529516995,0.7278747152085557,5,69.28847037451582,635,938406.0,1477.804724409449,255364.0,402.14803149606297,26922.0,42.39685039370079,10338.623481781418,16.281296821702956,80.79352226720647,37992.14574898785,59.830150785807646,100.08097165991903,1856.6896551724383,2.923920716806951,6.344827586206897,12195.313136953808,19.205217538509906,81.96858858020379,39848.83540416024,62.75407150261459,103.18288426636884,300,423222.0,1410.74,67099.0,223.66333333333333,24424.0,81.41333333333333,2716.5587044534323,9.05519568151147,51.79959514170042,17134.493927125503,57.114979757085024,97.0080971659919,1684.4137931034552,5.614712643678161,7.044827586206899,4400.9724975568915,14.669908325189633,54.6084042998744,18818.90772022896,62.729692400763184,103.35292475219879,335,515184.0,1537.8626865671642,188265.0,561.9850746268656,2498.0,7.456716417910448,7622.064777327931,22.752432171128167,88.63562753036437,20857.651821862346,62.261647229439845,100.48582995951418,172.27586206896493,0.5142563046834792,0.4827586206896552,7794.3406393969,23.266688475811645,89.11838615105403,21029.92768393132,62.77590353412332,100.96858858020383,300,435418.0,1451.3933333333334,226671.0,755.57,7119.0,23.73,9176.963562753039,30.58987854251012,89.31174089068826,17628.25910931173,58.7608636977058,99.44331983805668,490.96551724137885,1.636551724137931,6.344827586206897,9667.929079994417,32.22643026664805,89.79449951137791,18119.224626553125,60.39741542184373,100.13458048303784,300,24424.0,81.41333333333333,1684.4137931034552,5.614712643678161,7.044827586206899,435418.0,1451.3933333333334,226671.0,755.57,17628.25910931173,58.7608636977058,99.44331983805668,9176.963562753039,30.58987854251012,89.31174089068826,19312.6729024152,64.37557634138396,105.78814742426357,10861.377355856499,36.20459118618828,95.65656847689516
Qwen 2B,k=2,80,80,24.7,14.5,62.13749656234746,52.0,69.38001305904133,90.6166219839142,0.7018829835318876,4,69.28847037451582,735,1376114.0,1872.2639455782312,410243.0,558.1537414965986,35070.0,47.714285714285715,16609.028340081088,22.59731746949792,108.70040485829958,55713.11740890688,75.80015974000936,129.55465587044534,2418.620689655209,3.29064039408867,6.344827586206897,19027.649029736105,25.887957863586593,111.07795616361861,58131.73809856205,79.09080013409803,133.12243473405,400,723202.0,1808.005,106710.0,266.775,32572.0,81.43,4320.242914979751,10.800607287449393,65.19230769230757,29279.4331983806,73.19858299595141,128.67206477732793,2246.3448275862215,5.615862068965518,6.344827586206897,6566.587742565984,16.41646935641491,68.33659081390465,31525.778025966763,78.81444506491694,135.01689236353482,335,652912.0,1948.9910447761195,303533.0,906.0686567164179,2498.0,7.456716417910448,12288.785425101221,36.682941567466315,120.7165991902834,26433.68421052629,78.90652003142183,132.31983805668017,172.27586206896493,0.5142563046834792,0.4827586206896552,12461.061287170176,37.19719787214979,121.19935781097305,26605.960072595284,79.42077633610532,132.80259667736982,400,739747.0,1849.3675,381899.0,954.7475,9234.0,23.085,15461.497975708502,38.653744939271256,118.54858299595142,29949.271255060718,74.87317813765182,129.4757085020243,636.8275862068953,1.5920689655172415,6.344827586206897,16098.325561915397,40.2458139047885,119.03134161664107,30586.098841267645,76.46524710316906,129.95846712271396,400,32572.0,81.43,2246.3448275862215,5.615862068965518,6.344827586206897,739747.0,1849.3675,381899.0,954.7475,29949.271255060718,74.87317813765182,129.4757085020243,15461.497975708502,38.653744939271256,118.54858299595142,32195.616082646888,80.48904020661735,135.8205360882312,17707.84280329471,44.269607008236775,124.89341058215831
Qwen 2B,k=5,base,13.4,24.7,14.5,53.32880802064105,57.99999999999999,29.904705766774732,73.68421052631578,0.8110319959137933,0,69.10077815368386,402,262346.0,652.6019900497513,49575.0,123.32089552238806,6189.0,15.395522388059701,2007.0850202429153,4.992748806574416,14.078947368421051,10621.295546558722,26.421133200394788,40.402834008097166,426.82758620689555,1.0617601646937724,6.0620689655172395,2433.9126064498114,6.054508971268188,14.610288985062125,11048.123132765602,27.48289336508856,41.37142258830099,67,36108.0,538.9253731343283,5788.0,86.38805970149254,3615.0,53.95522388059702,234.331983805668,3.4974922956069854,3.8340080971659916,1461.8623481781376,21.818841017584145,33.97165991902833,249.3103448275861,3.721049922799794,8.075862068965517,483.6423286332542,7.218542218406779,11.786262739075807,1711.172693005724,25.539890940383938,41.039871562194605,335,226238.0,675.3373134328358,43787.0,130.70746268656717,2574.0,7.683582089552239,1772.7530364372465,5.291800108767902,14.676113360323892,9159.433198380568,27.341591636956917,40.902834008097166,177.51724137930967,0.5299022130725682,0.4827586206896552,1950.2702778165574,5.82170232184047,15.158871981013549,9336.950439759885,27.871493850029484,41.385592628786824,67,39573.0,590.6417910447761,20239.0,302.07462686567163,469.0,7.0,819.3927125506073,12.229741978367274,20.910931174089068,1602.1457489878544,23.912623119221706,39.05668016194332,32.344827586206875,0.4827586206896552,0.4827586206896552,851.7375401368141,12.712500599056929,21.393689794778723,1634.4905765740607,24.39538173991136,39.53943878263298,67,3615.0,53.95522388059702,249.3103448275861,3.721049922799794,8.075862068965517,39573.0,590.6417910447761,20239.0,302.07462686567163,1602.1457489878544,23.912623119221706,39.05668016194332,819.3927125506073,12.229741978367274,20.910931174089068,1851.4560938154411,27.6336730420215,41.19179114895993,1068.7030573781935,15.950791901167067,25.906100795755965
Qwen 2B,k=5,20,20,24.7,14.5,54.14145609292669,56.00000000000001,33.75673346261582,80.68181818181819,0.8037720706260032,0,69.10077815368386,435,328944.0,756.1931034482759,64548.0,148.38620689655173,8830.0,20.298850574712645,2613.2793522267193,6.007538740751082,17.987854251012124,13317.570850202434,30.615105402764204,50.0242914979757,608.965517241378,1.3999207292905271,6.593103448275857,3222.244869468098,7.407459470041609,19.725673600446736,13926.536367443814,32.015026132054736,50.77425659639816,100,68751.0,687.51,10894.0,108.94,6428.0,64.28,441.0526315789473,4.410526315789474,12.036437246963562,2783.44129554656,27.834412955465588,46.22672064777327,443.3103448275863,4.433103448275862,7.517241379310345,884.3629764065336,8.843629764065335,14.680455116571261,3226.7516403741456,32.26751640374145,52.078444785704306,335,260193.0,776.6955223880597,53654.0,160.16119402985075,2402.0,7.170149253731343,2172.2267206477727,6.484258867605294,19.42914979757085,10534.129554655867,31.44516284971902,50.24291497975709,165.6551724137925,0.494493051981472,0.4827586206896552,2337.881893061566,6.978751919586766,19.91190841826051,10699.78472706967,31.93965590170049,50.72567360044675,100,72371.0,723.71,35279.0,352.79,1280.0,12.8,1428.2995951417008,14.282995951417005,29.47570850202429,2929.9999999999986,29.3,46.22672064777327,88.27586206896548,0.8827586206896552,6.079310344827586,1516.5754572106653,15.165754572106659,30.20138210247102,3018.275862068967,30.182758620689658,46.78437805388803,100,6428.0,64.28,443.3103448275863,4.433103448275862,7.517241379310345,72371.0,723.71,35279.0,352.79,2929.9999999999986,29.3,46.22672064777327,1428.2995951417008,14.282995951417005,29.47570850202429,3373.310344827586,33.73310344827586,51.727851458885944,1871.6099399692864,18.716099399692865,34.31665503280748
Qwen 2B,k=5,40,40,24.7,14.5,51.40781131667207,48.0,37.354322189765234,88.46153846153847,0.8107186512735458,1,69.10077815368386,535,614387.0,1148.3869158878504,116292.0,217.36822429906542,17867.0,33.396261682242994,4708.178137651816,8.8003329675735,30.263157894736835,24873.967611336036,46.49339740436642,73.11740890688259,1232.20689655173,2.3031904608443443,6.344827586206897,5940.385034203554,11.103523428417843,30.806645260365748,26106.174507887757,48.79658786521076,76.01061007957559,200,215875.0,1079.375,29666.0,148.33,15465.0,77.325,1201.0526315789452,6.005263157894737,17.261133603238864,8739.878542510116,43.69939271255061,72.32995951417004,1066.5517241379298,5.332758620689655,7.0379310344827575,2267.604355716877,11.338021778584393,23.515817394946236,9806.430266648054,49.032151333240265,78.96948206058914,335,398512.0,1189.5880597014925,86626.0,258.58507462686566,2402.0,7.170149253731343,3507.1255060728736,10.469031361411567,42.785425101214614,16134.089068825906,48.161459906943016,73.17004048582996,165.6551724137925,0.494493051981472,0.4827586206896552,3672.7806784866657,10.963524413393039,43.268183721904265,16299.744241239698,48.655952958924495,73.65279910651961,200,223844.0,1119.22,87372.0,436.86,3702.0,18.51,3537.327935222672,17.686639676113362,53.744939271255035,9062.510121457493,45.31255060728745,72.2327935222672,255.3103448275858,1.2765517241379312,6.344827586206897,3792.638280050259,18.963191400251294,56.25198938992039,9317.820466285075,46.58910233142538,73.60421611056819,200,15465.0,77.325,1066.5517241379298,5.332758620689655,7.0379310344827575,223844.0,1119.22,87372.0,436.86,9062.510121457493,45.31255060728745,72.2327935222672,3537.327935222672,17.686639676113362,53.744939271255035,10129.06184559542,50.64530922797711,78.22337009632837,4603.879659360605,23.019398296803015,59.37316766717855
Qwen 2B,k=5,60,60,24.7,14.5,53.13532502240166,49.5,39.11764417562812,91.0394265232975,0.8123229004512228,3,69.10077815368386,635,975793.0,1536.6818897637795,183134.0,288.4,26631.0,41.93858267716536,7414.331983805667,11.676113360323887,53.449392712550534,39505.78947368424,62.21384169084128,102.91902834008096,1836.620689655195,2.892316046701059,6.344827586206897,9250.95267346086,14.568429407024945,55.385592628786796,41342.41016333937,65.10615773754233,105.30057238587185,300,441849.0,1472.83,52532.0,175.10666666666665,24229.0,80.76333333333334,2126.801619433191,7.089338731443995,17.815789473684212,17888.623481781375,59.62874493927126,100.91093117408907,1670.9655172413852,5.569885057471264,6.4310344827586245,3797.7671366745753,12.65922378891526,24.20635208711434,19559.58899902275,65.19862999674253,107.25575876029596,335,533944.0,1593.8626865671642,130602.0,389.85671641791043,2402.0,7.170149253731343,5287.530364372466,15.783672729470059,71.00404858299599,21617.16599190283,64.52885370717264,103.5748987854251,165.6551724137925,0.494493051981472,0.4827586206896552,5453.185536786266,16.27816578145153,71.48680720368564,21782.821164316636,65.02334675915411,104.05765740611476,300,454045.0,1513.4833333333333,154441.0,514.8033333333333,6639.0,22.13,6252.672064777324,20.842240215924427,76.46558704453446,18382.388663967617,61.27462887989204,101.87651821862349,457.86206896551664,1.5262068965517241,6.344827586206897,6710.534133742847,22.36844711247615,81.84524640513753,18840.250732933117,62.80083577644376,102.35927683931314,300,24229.0,80.76333333333334,1670.9655172413852,5.569885057471264,6.4310344827586245,454045.0,1513.4833333333333,154441.0,514.8033333333333,18382.388663967617,61.27462887989204,101.87651821862349,6252.672064777324,20.842240215924427,76.46558704453446,20053.354181208993,66.8445139373633,108.22134580483039,7923.637582018711,26.41212527339569,83.4722183442692
Qwen 2B,k=5,80,80,24.7,14.5,55.43365613329561,53.5,38.671551756902076,91.10512129380055,0.812398675760323,5,69.10077815368386,735,1421797.0,1934.41768707483,266731.0,362.89931972789117,35419.0,48.1891156462585,10798.825910931246,14.692280150926768,78.20242914979754,57562.6315789474,78.31650554958826,133.19838056680163,2442.68965517245,3.3233872859488622,6.344827586206897,13241.515566103619,18.01566743687563,78.68518777048719,60005.32123411987,81.63989283553713,136.11992182046626,400,749058.0,1872.645,70794.0,176.985,33017.0,82.5425,2866.1538461538325,7.165384615384616,17.534412955465584,30326.234817813765,75.81558704453441,130.47773279352225,2277.034482758635,5.692586206896552,6.344827586206897,5143.188328912478,12.857970822281168,23.94051375122156,32603.269300572363,81.50817325143096,136.82256037972914,335,672739.0,2008.176119402985,195937.0,584.8865671641792,2402.0,7.170149253731343,7932.672064777327,23.67961810381292,104.51417004048587,27236.39676113361,81.30267689890628,134.87854251012146,165.6551724137925,0.494493051981472,0.4827586206896552,8098.327237191123,24.174111155794392,104.99692866117552,27402.051933547373,81.79716995088775,135.3613011308111,400,765603.0,1914.0075,238387.0,595.9675,8683.0,21.7075,9651.295546558704,24.12823886639676,101.21862348178126,30996.072874493948,77.49018218623482,132.1882591093117,598.8275862068954,1.4970689655172413,6.344827586206897,10250.123132765602,25.625307831914004,101.70138210247092,31594.90046070081,78.98725115175206,132.67101773000135,400,33017.0,82.5425,2277.034482758635,5.692586206896552,6.344827586206897,765603.0,1914.0075,238387.0,595.9675,30996.072874493948,77.49018218623482,132.1882591093117,9651.295546558704,24.12823886639676,101.21862348178126,33273.10735725255,83.18276839313137,138.5330866955186,11928.330029317318,29.820825073293314,107.21513332402623
Qwen 2B,k=10,base,13.4,24.7,14.5,54.87381507381508,62.0,30.33162393162393,67.27272727272727,0.7948712419357737,0,70.56219843093295,402,278235.0,692.1268656716418,57074.0,141.97512437810946,5971.0,14.85323383084577,2310.6882591093126,5.747980744053015,21.90080971659918,11264.574898785435,28.021330593993596,41.29554655870445,411.7931034482747,1.0243609538514324,6.3344827586206875,2722.4813625575866,6.772341697904447,22.383568337288835,11676.368002233712,29.045691547845028,41.89773837777468,67,38253.0,570.9402985074627,5788.0,86.38805970149254,3484.0,52.0,234.331983805668,3.4974922956069854,3.8340080971659916,1548.7044534412958,23.114991842407395,36.23481781376518,240.27586206896544,3.586206896551724,7.634482758620689,474.6078458746335,7.08369919215871,11.432053608823118,1788.980315510261,26.70119873895912,41.93078319140024,335,239982.0,716.3641791044776,51286.0,153.09253731343284,2487.0,7.423880597014925,2076.3562753036435,6.198078433742221,23.761133603238868,9715.870445344126,29.002598344310837,41.388663967611336,171.51724137930967,0.5119917653113741,0.4827586206896552,2247.873516682954,6.710070199053594,24.243892223928526,9887.387686723445,29.514590109622212,41.871422588300995,67,42157.0,629.2089552238806,27738.0,414.0,469.0,7.0,1122.9959514170037,16.761133603238868,28.821862348178136,1706.7611336032387,25.474046770197596,39.578947368421055,32.344827586206875,0.4827586206896552,0.4827586206896552,1155.3407790032106,17.243892223928523,29.30462096886779,1739.1059611894455,25.95680539088725,40.06170598911071,67,3484.0,52.0,240.27586206896544,3.586206896551724,7.634482758620689,42157.0,629.2089552238806,27738.0,414.0,1706.7611336032387,25.474046770197596,39.578947368421055,1122.9959514170037,16.761133603238868,28.821862348178136,1947.0369956722043,29.06025366674932,44.20834845735027,1363.271813485969,20.34734049979059,34.12182046628507
Qwen 2B,k=10,20,20,24.7,14.5,54.92429363036283,61.5,25.352988474939693,77.90697674418605,0.7826779334019541,0,70.56219843093295,435,371122.0,853.1540229885057,80653.0,185.40919540229885,8669.0,19.92873563218391,3265.303643724696,7.506445157987808,28.48582995951417,15025.18218623482,34.54064870398809,60.56680161943319,597.8620689655161,1.3743955608402696,6.413793103448276,3863.165712690212,8.880840718828077,29.74745218483868,15623.044255200344,35.91504426482836,61.26008655591232,100,78031.0,780.31,12369.0,123.69,6188.0,61.88,500.76923076923066,5.007692307692308,14.777327935222653,3159.1497975708503,31.591497975708503,57.544534412955464,426.7586206896551,4.267586206896552,7.520689655172414,927.527851458886,9.275278514588859,21.122155521429548,3585.908418260506,35.85908418260505,63.90103308669551,335,293091.0,874.8985074626866,68284.0,203.83283582089553,2481.0,7.405970149253731,2764.5344129554655,8.252341531210345,30.931174089068826,11866.032388663967,35.42099220496707,60.659919028340084,171.10344827586138,0.5107565620174987,0.4827586206896552,2935.6378612313265,8.763098093227844,31.413932709758484,12037.135836939837,35.93174876698457,61.14267764902975,100,81651.0,816.51,51384.0,513.84,1315.0,13.15,2080.3238866396764,20.80323886639676,38.11740890688259,3305.7085020242907,33.057085020242916,57.544534412955464,90.68965517241375,0.906896551724138,6.344827586206897,2171.01354181209,21.7101354181209,38.98680720368561,3396.398157196706,33.963981571967054,58.114337568058076,100,6188.0,61.88,426.7586206896551,4.267586206896552,7.520689655172414,81651.0,816.51,51384.0,513.84,3305.7085020242907,33.057085020242916,57.544534412955464,2080.3238866396764,20.80323886639676,38.11740890688259,3732.467122713947,37.32467122713947,63.7272790730141,2507.0825073293313,25.070825073293314,44.464260784587466
Qwen 2B,k=10,40,40,24.7,14.5,53.77361377930998,57.99999999999999,22.817532040316856,88.46153846153847,0.7888423731248333,1,70.56219843093295,535,682206.0,1275.151401869159,144053.0,269.25794392523363,17104.0,31.970093457943925,5832.1052631578905,10.901131333005411,34.62753036437247,27619.676113360343,51.62556282871089,86.23481781376519,1179.5862068965566,2.20483403158234,6.344827586206897,7011.691470054453,13.105965364587751,35.15077481502164,28799.262320256847,53.83039686029323,89.2542230908837,200,238780.0,1193.9,35415.0,177.075,14619.0,73.095,1433.8056680161906,7.169028340080972,28.60526315789473,9667.206477732796,48.336032388663966,83.54048582995948,1008.2068965517221,5.04103448275862,6.896551724137931,2442.0125645679177,12.210062822839593,32.71243892223928,10675.41337428452,53.37706687142259,89.88531341616638,335,443426.0,1323.6597014925374,108638.0,324.29253731343283,2485.0,7.417910447761194,4398.2995951417,13.129252522811047,35.47773279352227,17952.46963562753,53.58946159888815,86.50202429149797,171.3793103448269,0.5115800308800824,0.4827586206896552,4569.6789054865285,13.640832553691128,35.96049141421193,18123.848945972357,54.10104162976823,86.98478291218763,200,246749.0,1233.745,115133.0,575.665,3224.0,16.12,4661.255060728744,23.306275303643726,43.75708502024275,9989.838056680166,49.94919028340081,83.59514170040482,222.3448275862065,1.1117241379310345,6.344827586206897,4883.599888314951,24.41799944157476,49.50111685048158,10212.182884266369,51.060914421331844,84.07790032109449,200,14619.0,73.095,1008.2068965517221,5.04103448275862,6.896551724137931,246749.0,1233.745,115133.0,575.665,9989.838056680166,49.94919028340081,83.59514170040482,4661.255060728744,23.306275303643726,43.75708502024275,10998.044953231885,54.99022476615943,89.93996928661173,5669.461957280465,28.347309786402345,49.986946809995686
Qwen 2B,k=10,60,60,24.7,14.5,49.90765688559806,53.5,20.487770399535105,84.57142857142857,0.797305531561573,3,70.56219843093295,635,1045401.0,1646.3007874015748,211897.0,333.696062992126,25088.0,39.508661417322834,8578.825910931184,13.509962064458541,35.31578947368421,42323.92712550608,66.65185374095445,110.35627530364371,1730.2068965517474,2.7247352701601955,6.344827586206897,10309.032807482905,16.234697334618737,37.27600167527571,44054.1340220578,69.37658901111465,114.03964819209828,300,474344.0,1581.1466666666668,61385.0,204.61666666666667,22605.0,75.35,2485.222672064769,8.284075573549257,30.809716599190285,19204.210526315794,64.01403508771931,108.67408906882594,1558.965517241386,5.196551724137931,6.344827586206897,4044.188189306152,13.480627297687189,34.51689236353484,20763.17604355716,69.21058681185723,115.01891665503284,335,571057.0,1704.64776119403,150512.0,449.289552238806,2483.0,7.411940298507463,6093.603238866394,18.189860414526557,47.37246963562768,23119.71659919028,69.01407940056801,111.34412955465586,171.24137931034414,0.5111682964487906,0.4827586206896552,6264.844618176744,18.701028710975347,47.855228256317346,23290.957978500628,69.5252476970168,111.82688817534552,300,486540.0,1621.8,183204.0,610.68,6498.0,21.66,7417.16599190283,24.723886639676113,60.44331983805681,19697.975708502032,65.65991902834008,108.6862348178138,448.1379310344821,1.4937931034482759,6.344827586206897,7865.303922937324,26.21767974312439,64.14889012983396,20146.113639536485,67.15371213178835,110.76025408348458,300,22605.0,75.35,1558.965517241386,5.196551724137931,6.344827586206897,486540.0,1621.8,183204.0,610.68,19697.975708502032,65.65991902834008,108.6862348178138,7417.16599190283,24.723886639676113,60.44331983805681,21256.941225743412,70.85647075247802,116.21037274884827,8976.131509144217,29.920438363814046,66.6124528828704
Qwen 2B,k=10,80,80,24.7,14.5,54.418472221543524,61.0,20.478434340719552,84.6590909090909,0.8065751846002817,2,70.56219843093295,735,1499456.0,2040.0761904761905,290032.0,394.6013605442177,33118.0,45.05850340136055,11742.186234817897,15.975763584786142,36.43319838056676,60706.72064777334,82.5941777520725,138.93927125506073,2284.000000000037,3.107482993197279,6.344827586206897,14026.186234817826,19.08324657798342,41.74563730280606,62990.72064777322,85.70166074526976,142.75373446879797,400,792568.0,1981.42,87888.0,219.72,30635.0,76.5875,3558.2186234817714,8.895546558704453,30.77125506072874,32087.773279352226,80.21943319838057,136.9190283400809,2112.7586206896704,5.281896551724138,6.344827586206897,5670.977244171448,14.177443110428591,36.35090046070082,34200.531900041875,85.5013297501047,143.0330866955186,335,706888.0,2110.1134328358207,202144.0,603.4149253731343,2483.0,7.411940298507463,8183.967611336036,24.42975406368965,90.02429149797572,28618.947368421053,85.42969363707778,139.42914979757086,171.24137931034414,0.5111682964487906,0.4827586206896552,8355.208990646377,24.94092236013844,90.50705011866538,28790.188747731372,85.94086193352656,139.9119084182605,400,809113.0,2022.7825,261688.0,654.22,8616.0,21.54,10594.655870445336,26.48663967611336,76.28137651821811,32757.61133603239,81.89402834008098,137.0425101214574,594.2068965517232,1.4855172413793103,6.344827586206897,11188.862766997076,27.972156917492672,76.76413513890776,33351.81823258409,83.37954558146028,137.97884964400387,400,30635.0,76.5875,2112.7586206896704,5.281896551724138,6.344827586206897,809113.0,2022.7825,261688.0,654.22,32757.61133603239,81.89402834008098,137.0425101214574,10594.655870445336,26.48663967611336,76.28137651821811,34870.369956722054,87.17592489180511,142.9946251570571,12707.41449113499,31.768536227837497,82.3331006561494
